LN46_0.75_1_0.5mL_s_0.5mL_Ti_0h,,LN46_0.75_1_0.5mL_s_0.5mL_Ti_0h_r,,LN46_0.75_2_0.5mL_s_0.5mL_Ti_0h,,LN46_0.75_2_0.5mL_s_0.5mL_Ti_0h_r,,LN46_0.75_3_0.5mL_s_0.5mL_Ti_0h,,LN46_0.75_4_0.5mL_s_0.5mL_Ti_0h,,
Wavelength (nm),Abs,Wavelength (nm),Abs,Wavelength (nm),Abs,Wavelength (nm),Abs,Wavelength (nm),Abs,Wavelength (nm),Abs,
800.0109253,0.07751899213,800.0109253,0.0004518934002,800.0109253,0.04259687662,800.0109253,-0.001869287109,800.0109253,0.006878660992,800.0109253,-0.003417239524,
799.007019,0.07857504487,799.007019,0.001512585441,799.007019,0.04155645892,799.007019,-0.00185629644,799.007019,0.007187997922,799.007019,-0.002785438672,
798.0026855,0.07834565639,798.0026855,0.0008401387604,798.0026855,0.0399940908,798.0026855,-0.001892122906,798.0026855,0.007326900028,798.0026855,-0.003554570954,
796.9979248,0.07921785116,796.9979248,0.0008175230469,796.9979248,0.04016939178,796.9979248,-0.001618477516,796.9979248,0.00717489142,796.9979248,-0.003663983895,
795.9926758,0.07974766195,795.9926758,0.0009777774103,795.9926758,0.03885713965,795.9926758,-0.001895988942,795.9926758,0.00620812783,795.9926758,-0.003462644992,
794.9871826,0.07986533642,794.9871826,0.0008026367868,794.9871826,0.03787127137,794.9871826,-0.001616414404,794.9871826,0.00739777647,794.9871826,-0.00319605181,
794.0158691,0.07823257148,794.0158691,0.0008085237932,794.0158691,0.03703927621,794.0158691,-0.001977682346,794.0158691,0.006784520112,794.0158691,-0.003680873429,
793.0095215,0.07781368494,793.0095215,0.0008571012877,793.0095215,0.03710761666,793.0095215,-0.002098003868,793.0095215,0.006352101918,793.0095215,-0.003694066312,
792.0026855,0.07711426914,792.0026855,0.0004879397748,792.0026855,0.03596479818,792.0026855,-0.002022207715,792.0026855,0.006430464331,792.0026855,-0.003891295986,
790.9956055,0.07704687864,790.9956055,6.213076995E-005,790.9956055,0.03509277478,790.9956055,-0.001843253733,790.9956055,0.0068605938,790.9956055,-0.004066997673,
789.9880371,0.07649859041,789.9880371,0.0005322049255,789.9880371,0.03429854661,789.9880371,-0.001531506074,789.9880371,0.006862014066,789.9880371,-0.003716344479,
789.0148926,0.07535453141,789.0148926,0.000245805044,789.0148926,0.03259217367,789.0148926,-0.002038233681,789.0148926,0.006195261143,789.0148926,-0.003867128165,
788.0064697,0.07541500777,788.0064697,0.0009385254816,788.0064697,0.03113527223,788.0064697,-0.002270569792,788.0064697,0.006799192168,788.0064697,-0.004201508593,
786.9977417,0.07371212542,786.9977417,-8.070495096E-005,786.9977417,0.02974608354,786.9977417,-0.002015508711,786.9977417,0.00641041901,786.9977417,-0.003940448165,
785.9886475,0.07305888832,785.9886475,0.0003506634384,785.9886475,0.02876801975,785.9886475,-0.002539841691,785.9886475,0.006480121519,785.9886475,-0.003935010172,
785.013855,0.07178441435,785.013855,0.0004626992159,785.013855,0.02820956334,785.013855,-0.001825673971,785.013855,0.006457157433,785.013855,-0.003851990681,
784.0039063,0.07035524398,784.0039063,0.0005607412895,784.0039063,0.02731769718,784.0039063,-0.001594234607,784.0039063,0.006670789327,784.0039063,-0.004074588418,
782.9935913,0.06981408596,782.9935913,0.000909575203,782.9935913,0.02553985454,782.9935913,-0.00182768458,782.9935913,0.007297230884,782.9935913,-0.002824326279,
781.9829102,0.06625191867,781.9829102,-0.0004454760638,781.9829102,0.0241428595,781.9829102,-0.002905999543,781.9829102,0.005621145014,781.9829102,-0.004506581463,
781.0066528,0.06688285619,781.0066528,-0.0001751609088,781.0066528,0.02350805514,781.0066528,-0.002252286067,781.0066528,0.006651758216,781.0066528,-0.004116130061,
779.9951782,0.06499095261,779.9951782,-0.0003258855722,779.9951782,0.02320733108,779.9951782,-0.002483581193,779.9951782,0.00622067973,779.9951782,-0.004332646728,
778.9832153,0.06441806257,778.9832153,0.0002209929517,778.9832153,0.02209771425,778.9832153,-0.002195885405,778.9832153,0.006399490871,778.9832153,-0.004784507211,
778.0058594,0.06320090592,778.0058594,0.0001152596233,778.0058594,0.02236859128,778.0058594,-0.002513024956,778.0058594,0.005827202927,778.0058594,-0.00414187368,
776.9931641,0.06122377142,776.9931641,0.0001482224616,776.9931641,0.02159670368,776.9931641,-0.002543187002,776.9931641,0.00615556119,776.9931641,-0.004605970811,
776.0150757,0.05817741901,776.0150757,-0.0006245932309,776.0150757,0.01949251816,776.0150757,-0.003070790786,776.0150757,0.005376787391,776.0150757,-0.004205149133,
775.0015869,0.0596180819,775.0015869,-0.0004981226521,775.0015869,0.01847865991,775.0015869,-0.002876325278,775.0015869,0.005616870243,775.0015869,-0.004693353083,
773.987793,0.05995379388,773.987793,-0.000331938325,773.987793,0.01759281568,773.987793,-0.002883834066,773.987793,0.00576550141,773.987793,-0.004949866794,
773.0085449,0.0594500117,773.0085449,0.000111349822,773.0085449,0.01788439043,773.0085449,-0.002233847277,773.0085449,0.005992545281,773.0085449,-0.004899651278,
771.9938965,0.05694507807,771.9938965,-0.0004926928086,771.9938965,0.01671141014,771.9938965,-0.00306888856,771.9938965,0.004886258859,771.9938965,-0.005161312874,
771.013916,0.05420366302,771.013916,-0.001083992887,771.013916,0.01592584513,771.013916,-0.003384415293,771.013916,0.005252288654,771.013916,-0.005116187036,
769.9984741,0.05319086462,769.9984741,-2.433274176E-006,769.9984741,0.0161061734,769.9984741,-0.002616062062,769.9984741,0.005797794089,769.9984741,-0.004430794623,
768.9827881,0.05254414305,768.9827881,-0.000893078919,768.9827881,0.01529756747,768.9827881,-0.002783123869,768.9827881,0.005115358159,768.9827881,-0.004936967976,
768.0015869,0.05112858117,768.0015869,-0.0003731670731,768.0015869,0.01433801558,768.0015869,-0.002949710004,768.0015869,0.005021310411,768.0015869,-0.005172772333,
766.9850464,0.04866277426,766.9850464,-0.0005323033547,766.9850464,0.01436865143,766.9850464,-0.002709659515,766.9850464,0.005598698277,766.9850464,-0.004612527788,
766.0032959,0.04854172841,766.0032959,-0.0001887194667,766.0032959,0.0140772881,766.0032959,-0.00276043755,766.0032959,0.005299846176,766.0032959,-0.004552231636,
764.9859619,0.04677094147,764.9859619,-0.0003466818016,764.9859619,0.01347154286,764.9859619,-0.00286367326,764.9859619,0.004862803034,764.9859619,-0.004764434416,
764.0033569,0.04684760422,764.0033569,3.852002919E-005,764.0033569,0.01303519215,764.0033569,-0.00283631077,764.0033569,0.006004119758,764.0033569,-0.004572519101,
762.9852905,0.04532435909,762.9852905,-0.0002006734285,762.9852905,0.01202119049,762.9852905,-0.00271053426,762.9852905,0.005397754256,762.9852905,-0.004659037571,
762.0020142,0.0439423807,762.0020142,-0.0005663261982,762.0020142,0.01142460294,762.0020142,-0.003292504698,762.0020142,0.00527007971,762.0020142,-0.00477298582,
760.9831543,0.04251790419,760.9831543,-0.0003642698575,760.9831543,0.01122899447,760.9831543,-0.003090170678,760.9831543,0.005661845207,760.9831543,-0.005029708613,
759.9991455,0.04092514515,759.9991455,-0.0002422250982,759.9991455,0.01117310766,759.9991455,-0.002665153006,759.9991455,0.005256847944,759.9991455,-0.004904514179,
759.0147095,0.03947272524,759.0147095,-0.0005360263167,759.0147095,0.01091331616,759.0147095,-0.003110886551,759.0147095,0.005436730105,759.0147095,-0.005066860467,
757.994812,0.03844173625,757.994812,-0.000870603777,757.994812,0.01025200728,757.994812,-0.003066112753,757.994812,0.005284936167,757.994812,-0.004948945716,
757.0096436,0.03635042533,757.0096436,-0.0008366564289,757.0096436,0.009916963987,757.0096436,-0.003142343601,757.0096436,0.00482016243,757.0096436,-0.005407375284,
755.9889526,0.03507220373,755.9889526,-0.0001161089313,755.9889526,0.01001456752,755.9889526,-0.002988788532,755.9889526,0.00558723975,755.9889526,-0.00469657965,
755.0030518,0.03377856687,755.0030518,-0.0005556232645,755.0030518,0.008881831542,755.0030518,-0.002829727018,755.0030518,0.005318791606,755.0030518,-0.005317681469,
754.0168457,0.0341559276,754.0168457,-0.000502776762,754.0168457,0.008567748591,754.0168457,-0.002484404715,754.0168457,0.005093199667,754.0168457,-0.005081034731,
752.9949951,0.03349785507,752.9949951,-0.0002350327559,752.9949951,0.008485594764,752.9949951,-0.00299259345,752.9949951,0.005225119181,752.9949951,-0.004881273024,
752.0080566,0.03199962899,752.0080566,-0.0006559725152,752.0080566,0.007709142752,752.0080566,-0.002970123896,752.0080566,0.005170366261,752.0080566,-0.005190370604,
750.9854736,0.03164126351,750.9854736,-0.0004291325749,750.9854736,0.006811971311,750.9854736,-0.003018660704,750.9854736,0.005156875588,750.9854736,-0.005445977673,
749.9978027,0.03164413199,749.9978027,-0.0005173592945,749.9978027,0.007096183952,749.9978027,-0.00302534434,749.9978027,0.005584407598,749.9978027,-0.005203773733,
749.0097046,0.03093433753,749.0097046,-0.0008406868437,749.0097046,0.006348608062,749.0097046,-0.003308535088,749.0097046,0.0050975997,749.0097046,-0.005450630095,
747.986084,0.03043544479,747.986084,-0.0009868934285,747.986084,0.006082078442,747.986084,-0.003539319849,747.986084,0.00474318862,747.986084,-0.005413408391,
746.9972534,0.03042733669,746.9972534,-0.0008510727785,746.9972534,0.005998870358,746.9972534,-0.003774293,746.9972534,0.004505680408,746.9972534,-0.005311340094,
746.0082397,0.02997869812,746.0082397,-0.0005070688203,746.0082397,0.006118989084,746.0082397,-0.003054854227,746.0082397,0.004642915912,746.0082397,-0.00512780156,
744.9833984,0.02905839682,744.9833984,-0.0006098074955,744.9833984,0.005413349718,744.9833984,-0.002973774681,744.9833984,0.004757923074,744.9833984,-0.005344121251,
743.9935913,0.02778042667,743.9935913,-0.0005455405335,743.9935913,0.005590438377,743.9935913,-0.003079941031,743.9935913,0.005117610563,743.9935913,-0.005067372229,
743.003418,0.02659165114,743.003418,-0.0001899614581,743.003418,0.005577406846,743.003418,-0.00236207922,743.003418,0.005485015456,743.003418,-0.004778618459,
742.0129395,0.02529346943,742.0129395,-0.0003615282185,742.0129395,0.005022462457,742.0129395,-0.002812444232,742.0129395,0.005116431974,742.0129395,-0.005142843351,
740.9866333,0.02418443002,740.9866333,-0.0003267133143,740.9866333,0.005417962559,740.9866333,-0.002966370201,740.9866333,0.005055878777,740.9866333,-0.004922481719,
739.9954224,0.02367031947,739.9954224,-0.0003436814004,739.9954224,0.005056192633,739.9954224,-0.002801899333,739.9954224,0.005270446185,739.9954224,-0.005147806369,
739.0037842,0.02224623784,739.0037842,-0.000618441205,739.0037842,0.004259962589,739.0037842,-0.003362325719,739.0037842,0.004692395218,739.0037842,-0.005344836973,
738.0119019,0.02170826122,738.0119019,-0.0002236489381,738.0119019,0.004178540781,738.0119019,-0.002883011242,738.0119019,0.005045350641,738.0119019,-0.005073154345,
736.9841919,0.02078403905,736.9841919,-0.0004099954676,736.9841919,0.003490657313,736.9841919,-0.003114484716,736.9841919,0.004900369328,736.9841919,-0.005089221988,
735.9914551,0.02094417438,735.9914551,-0.0003467335191,735.9914551,0.003711162833,735.9914551,-0.003153137164,735.9914551,0.00479657948,735.9914551,-0.005133582745,
734.9985352,0.01973736659,734.9985352,-0.0005990022328,734.9985352,0.003474009223,734.9985352,-0.003056139452,734.9985352,0.005086311139,734.9985352,-0.005496539176,
734.005188,0.01956159063,734.005188,-0.0001835445,734.005188,0.003389551537,734.005188,-0.002636543009,734.005188,0.005126804579,734.005188,-0.005027201027,
733.0115356,0.01858512498,733.0115356,-0.0002449157182,733.0115356,0.003766228212,733.0115356,-0.00279505807,733.0115356,0.005458538886,733.0115356,-0.004955087788,
732.0174561,0.01764360443,732.0174561,-4.260621427E-005,732.0174561,0.003687927267,732.0174561,-0.002800767776,732.0174561,0.005379696377,732.0174561,-0.004921509419,
730.9875488,0.01705453917,730.9875488,3.712206671E-005,730.9875488,0.003914148547,730.9875488,-0.002191764535,730.9875488,0.005995615851,730.9875488,-0.004375086166,
729.9928589,0.0162091013,729.9928589,-1.299456198E-005,729.9928589,0.003310483648,729.9928589,-0.002516061766,729.9928589,0.005626205821,729.9928589,-0.004474557005,
728.9976807,0.01511106268,728.9976807,0.0002660079917,728.9976807,0.003473095829,728.9976807,-0.002350236056,728.9976807,0.005699637812,728.9976807,-0.004577385727,
728.0023193,0.01434962731,728.0023193,0.0001634488726,728.0023193,0.003463075962,728.0023193,-0.002195576439,728.0023193,0.005825917702,728.0023193,-0.004488494247,
727.0065308,0.01419040747,727.0065308,0.0002606722701,727.0065308,0.003754870035,727.0065308,-0.002003346803,727.0065308,0.005887942854,727.0065308,-0.004274567589,
726.010437,0.01408948097,726.010437,0.0004957920755,726.010437,0.003674116917,726.010437,-0.00209182105,726.010437,0.006324915681,726.010437,-0.004099052399,
725.0139771,0.01353808772,725.0139771,0.0007930413703,725.0139771,0.003846711246,725.0139771,-0.001679543173,725.0139771,0.005665962584,725.0139771,-0.004081820138,
724.0171509,0.01339681167,724.0171509,0.0008972537471,724.0171509,0.00359760737,724.0171509,-0.001654323656,724.0171509,0.006259493064,724.0171509,-0.003911716864,
722.984436,0.01279198658,722.984436,0.0007331395755,722.984436,0.003350263694,722.984436,-0.001845006598,722.984436,0.006167376414,722.984436,-0.00414859131,
721.9869385,0.0126800565,721.9869385,0.0007326728664,721.9869385,0.003316978691,721.9869385,-0.002008757787,721.9869385,0.006454792805,721.9869385,-0.004140642937,
720.9890747,0.01229099184,720.9890747,0.0009546097717,720.9890747,0.003074513283,720.9890747,-0.001346311183,720.9890747,0.006228899118,720.9890747,-0.003845935455,
719.9909058,0.01144076139,719.9909058,0.0009233496967,719.9909058,0.002872362267,719.9909058,-0.001753181918,719.9909058,0.0066599329,719.9909058,-0.00377490907,
718.9923096,0.0109730456,718.9923096,0.001010338776,718.9923096,0.002738029463,718.9923096,-0.001535581541,718.9923096,0.006212828215,718.9923096,-0.004030785989,
717.9935913,0.01031127572,717.9935913,0.0009504330228,717.9935913,0.002411411144,717.9935913,-0.001561014331,717.9935913,0.006015432067,717.9935913,-0.003771110903,
716.9943848,0.009949699044,716.9943848,0.0008967350004,716.9943848,0.002469774568,716.9943848,-0.001432081335,716.9943848,0.006380050909,716.9943848,-0.003655923996,
715.994812,0.009535313584,715.994812,0.001095269225,715.994812,0.002682911698,715.994812,-0.001038751449,715.994812,0.006280712783,715.994812,-0.003618343035,
714.9949341,0.008522604592,714.9949341,0.001170067349,714.9949341,0.002500573406,714.9949341,-0.001210034941,714.9949341,0.006665084977,714.9949341,-0.003674661973,
713.994751,0.008308878168,713.994751,0.001084784977,713.994751,0.002504530828,713.994751,-0.0009872550145,713.994751,0.006608310156,713.994751,-0.003710749326,
712.9941406,0.00756974984,712.9941406,0.001069422462,712.9941406,0.002546684584,712.9941406,-0.001383727998,712.9941406,0.00644170912,712.9941406,-0.003722966183,
711.9932861,0.007890439592,711.9932861,0.001637081616,711.9932861,0.002690751804,711.9932861,-0.000804256706,711.9932861,0.006900358479,711.9932861,-0.002785747405,
710.9921265,0.008024925366,710.9921265,0.001520378399,710.9921265,0.002416565083,710.9921265,-0.0007359871524,710.9921265,0.006813943852,710.9921265,-0.002833996201,
709.9904785,0.00779157225,709.9904785,0.00116542133,709.9904785,0.002337621991,709.9904785,-0.001004920457,709.9904785,0.007069477811,709.9904785,-0.003132063663,
708.9885864,0.007238399703,708.9885864,0.001634405344,708.9885864,0.002012604848,708.9885864,-0.0009571395349,708.9885864,0.006613829639,708.9885864,-0.003247749526,
707.9863892,0.007013518363,707.9863892,0.001203655498,707.9863892,0.00185061642,707.9863892,-0.001058170688,707.9863892,0.006521401461,707.9863892,-0.003611257533,
706.9838257,0.006828616839,706.9838257,0.00147396035,706.9838257,0.001727826311,706.9838257,-0.0007475125603,706.9838257,0.007082738448,706.9838257,-0.003456738312,
706.0167236,0.006721078418,706.0167236,0.001565112616,706.0167236,0.001851942274,706.0167236,-0.000769580598,706.0167236,0.006840608083,706.0167236,-0.003429053584,
705.0135498,0.006622608285,705.0135498,0.001877653645,705.0135498,0.001681308146,705.0135498,-0.0006100659957,705.0135498,0.006804713979,705.0135498,-0.003538755002,
704.0099487,0.006049108226,704.0099487,0.001650177641,704.0099487,0.002145985141,704.0099487,-0.000795523345,704.0099487,0.007070319727,704.0099487,-0.003061845666,
703.0061035,0.00601863442,703.0061035,0.001448792405,703.0061035,0.002158784308,703.0061035,-0.0007254951051,703.0061035,0.006965404842,703.0061035,-0.002905999543,
702.0018311,0.005645297002,702.0018311,0.001592521789,702.0018311,0.002065738896,702.0018311,-0.0003512340772,702.0018311,0.007525051013,702.0018311,-0.003015627386,
700.9973755,0.005459508859,700.9973755,0.00142967701,700.9973755,0.001708984491,700.9973755,-0.000834434526,700.9973755,0.006709116977,700.9973755,-0.002979739103,
699.9924927,0.005095949862,699.9924927,0.00164830673,699.9924927,0.001549992827,699.9924927,-0.0007676684181,699.9924927,0.006811971311,699.9924927,-0.003197902115,
698.9872437,0.005110276863,698.9872437,0.00191722461,698.9872437,0.001571893343,698.9872437,-0.0008040500106,698.9872437,0.007269117516,698.9872437,-0.003347787075,
698.0175781,0.005136758089,698.0175781,0.001770632574,698.0175781,0.001977393869,698.0175781,-0.0005519521073,698.0175781,0.007094210479,698.0175781,-0.003209670773,
697.0117798,0.004586483352,697.0117798,0.001252770424,697.0117798,0.001142529189,697.0117798,-0.001126751187,697.0117798,0.007136549335,697.0117798,-0.003453399753,
696.0056152,0.004608275834,696.0056152,0.001428430434,696.0056152,0.001592391869,696.0056152,-0.001009724103,696.0056152,0.00640319474,696.0056152,-0.002988120075,
694.9990845,0.004665182438,694.9990845,0.0016584408,694.9990845,0.001886727056,694.9990845,-0.0008178473217,694.9990845,0.006686929613,694.9990845,-0.003208951093,
693.9921875,0.0047289785,693.9921875,0.001890704851,693.9921875,0.002244694158,693.9921875,-0.0004079265345,693.9921875,0.007249744143,693.9921875,-0.002790839877,
692.9850464,0.004465611186,692.9850464,0.0008987842011,692.9850464,0.001597847906,692.9850464,-0.001452360186,692.9850464,0.00620841654,692.9850464,-0.003819558537,
692.0135498,0.003896491602,692.0135498,0.001262194244,692.0135498,0.002315240446,692.0135498,-0.0007858079043,692.0135498,0.006757675204,692.0135498,-0.003529100679,
691.0057373,0.004896206781,691.0057373,0.001552616712,691.0057373,0.002610639203,691.0057373,-0.0004354942066,691.0057373,0.007198682986,691.0057373,-0.003205919173,
689.9975586,0.005101162009,689.9975586,0.001545706415,689.9975586,0.002437624149,689.9975586,-0.001166252303,689.9975586,0.006261226255,689.9975586,-0.003578550648,
688.9891357,0.004525193013,688.9891357,0.001710673794,688.9891357,0.002796567045,688.9891357,-0.000745186815,688.9891357,0.006777368486,688.9891357,-0.003278580261,
688.0162964,0.004415791947,688.0162964,0.001630611718,688.0162964,0.002950177761,688.0162964,-0.0009012936498,688.0162964,0.006970244925,688.0162964,-0.003114535939,
687.0072021,0.004600035027,687.0072021,0.001548771863,687.0072021,0.00341211888,687.0072021,-0.0005921259872,687.0072021,0.006557508372,687.0072021,-0.003185310867,
685.9978027,0.00461429311,685.9978027,0.001645968179,685.9978027,0.003010464367,685.9978027,-0.0006665696274,685.9978027,0.006656437181,685.9978027,-0.003731794888,
684.9880371,0.004728533793,684.9880371,0.00116209907,684.9880371,0.003002357902,684.9880371,-0.001074645435,684.9880371,0.00693470845,684.9880371,-0.003131806618,
684.0139771,0.0039908709,684.0139771,0.00128091278,684.0139771,0.002755587222,684.0139771,-0.0009150878759,684.0139771,0.00634390628,684.0139771,-0.003457200713,
683.0036621,0.004443642683,683.0036621,0.001672784681,683.0036621,0.002722009085,683.0036621,-0.001180141349,683.0036621,0.006325572729,683.0036621,-0.003385751043,
681.9929199,0.004347884096,681.9929199,0.00176647387,681.9929199,0.002497110516,681.9929199,-0.0008766489336,681.9929199,0.006643136498,681.9929199,-0.00329219643,
681.0179443,0.004332902376,681.0179443,0.001400745939,681.0179443,0.003065988421,681.0179443,-0.0008336594328,681.0179443,0.00697979331,681.0179443,-0.003378661815,
680.0065918,0.003930029925,680.0065918,0.001425807364,680.0065918,0.002831062768,680.0065918,-0.0008485409198,680.0065918,0.006822542287,680.0065918,-0.003369877348,
678.9949951,0.003947531804,678.9949951,0.001378776273,678.9949951,0.002670644084,678.9949951,-0.0008681754116,678.9949951,0.006601108704,678.9949951,-0.003300828161,
677.9829712,0.004136724863,677.9829712,0.001681386144,677.9829712,0.002892635763,677.9829712,-0.0003297138319,677.9829712,0.006928790361,677.9829712,-0.00302858348,
677.0068359,0.003323734505,677.0068359,0.001696900232,677.0068359,0.002327680355,677.0068359,-0.001046188758,677.0068359,0.006694973446,677.0068359,-0.003430645913,
675.9942017,0.002833173377,675.9942017,0.001282003243,675.9942017,0.001857661526,675.9942017,-0.001056982903,675.9942017,0.006808842532,675.9942017,-0.003607458202,
675.0174561,0.003041536082,675.0174561,0.001225901884,675.0174561,0.001809231937,675.0174561,-0.0008481792174,675.0174561,0.006842711475,675.0174561,-0.003385802265,
674.0042725,0.002987109823,674.0042725,0.001759118401,674.0042725,0.001831457368,674.0042725,-0.0007868414978,674.0042725,0.006229476538,674.0042725,-0.003125741379,
672.9906006,0.003190226853,672.9906006,0.001624141936,672.9906006,0.001771490206,672.9906006,-0.000714744383,672.9906006,0.006881975103,672.9906006,-0.003018198069,
672.0130005,0.003236724297,672.0130005,0.001802031649,672.0130005,0.002098407829,672.0130005,-0.0004737136187,672.0130005,0.006464146543,672.0130005,-0.003159253392,
670.9987793,0.003114845138,670.9987793,0.002004907001,670.9987793,0.00207814551,670.9987793,-0.0003929265076,670.9987793,0.00692810677,670.9987793,-0.002807249082,
669.984314,0.003242931096,669.984314,0.001956643071,669.984314,0.0023527171,669.984314,-0.0004266499891,669.984314,0.006877188571,669.984314,-0.003231819486,
669.0056763,0.003126734402,669.0056763,0.001606759615,669.0056763,0.002407766879,669.0056763,-0.0007571254973,669.0056763,0.006819886621,669.0056763,-0.00339438091,
667.9906006,0.002703488804,667.9906006,0.001636925736,667.9906006,0.002830072772,667.9906006,-0.0007421374903,667.9906006,0.006747184787,667.9906006,-0.003470708383,
667.0114136,0.002643635729,667.0114136,0.001246046624,667.0114136,0.00280982838,667.0114136,-0.0009125047363,667.0114136,0.006799560506,667.0114136,-0.003469681367,
665.9956665,0.002480240073,665.9956665,0.001261752914,665.9956665,0.002537987893,665.9956665,-0.001138317864,665.9956665,0.006487925071,665.9956665,-0.003829103662,
665.0159302,0.002994955285,665.0159302,0.001649969723,665.0159302,0.002999464516,665.0159302,-0.0009991870029,665.0159302,0.006486795377,665.0159302,-0.00355046289,
663.9995728,0.002891228534,663.9995728,0.001420924789,663.9995728,0.003003843594,663.9995728,-0.000774128479,663.9995728,0.006503165234,663.9995728,-0.003634053515,
662.9829102,0.002747094724,662.9829102,0.001446480863,662.9829102,0.002926044632,662.9829102,-0.00087044877,662.9829102,0.006363055203,662.9829102,-0.003398952773,
662.0021362,0.002785051707,662.0021362,0.001895618741,662.0021362,0.003043882316,662.0021362,-0.0002434669295,662.0021362,0.006604525726,662.0021362,-0.003166397568,
660.9849243,0.002451238921,660.9849243,0.00113899936,660.9849243,0.002624207176,660.9849243,-0.0008561364375,660.9849243,0.006416435353,660.9849243,-0.003226526547,
660.0036621,0.002727349056,660.0036621,0.001677436172,660.0036621,0.002693773247,660.0036621,-0.0005948144244,660.0036621,0.006590175442,660.0036621,-0.003443024587,
658.9857788,0.002889612922,658.9857788,0.001715143793,658.9857788,0.002797947731,658.9857788,-0.000976975658,658.9857788,0.006629127078,658.9857788,-0.003181456123,
658.0039063,0.002655329648,658.0039063,0.001401083544,658.0039063,0.002413988113,658.0039063,-0.0010385965,658.0039063,0.006702202838,658.0039063,-0.003360424889,
656.9853516,0.002444678918,656.9853516,0.001630741637,656.9853516,0.002401936334,656.9853516,-0.0009515603888,656.9853516,0.00653312169,656.9853516,-0.00349099515,
656.0029297,0.002560484922,656.0029297,0.001252770424,656.0029297,0.002042122884,656.0029297,-0.0008175372495,656.0029297,0.006668765098,656.0029297,-0.003507994115,
654.9838257,0.002814439824,654.9838257,0.001557552721,654.9838257,0.002322605345,654.9838257,-0.0007847226807,654.9838257,0.007015727926,654.9838257,-0.003128054552,
654.0007935,0.002331454074,654.0007935,0.001651191036,654.0007935,0.001997833606,654.0007935,-0.0006793374778,654.0007935,0.006231236272,654.0007935,-0.003259516787,
653.0174561,0.003036687383,653.0174561,0.002005141228,653.0174561,0.002559339395,653.0174561,-0.0004390111426,653.0174561,0.007196419407,653.0174561,-0.00289535406,
651.9974365,0.002765877405,651.9974365,0.001978486078,651.9974365,0.002181287855,651.9974365,-0.0003633904562,651.9974365,0.00663367426,651.9974365,-0.003299081232,
651.0135498,0.003170017619,651.0135498,0.002052916447,651.0135498,0.002101893304,651.0135498,-0.000503087067,651.0135498,0.006962274667,651.0135498,-0.002612562617,
649.992981,0.002314485842,649.992981,0.001492350362,649.992981,0.001593509107,649.992981,-0.0009768207092,649.992981,0.006546444725,649.992981,-0.0035217572,
649.0084229,0.002452983055,649.0084229,0.00171124551,649.0084229,0.001183331013,649.0084229,-0.001089880243,649.0084229,0.006332033779,649.0084229,-0.003459409112,
647.9871826,0.002953148913,647.9871826,0.001739157713,647.9871826,0.001685595955,647.9871826,-0.0004975021002,647.9871826,0.006548731122,647.9871826,-0.003256433643,
647.0021362,0.00269796676,647.0021362,0.001962415874,647.0021362,0.001245942782,647.0021362,-0.0001486117981,647.0021362,0.006891626865,647.0021362,-0.003274572315,
646.0167847,0.002942463383,646.0167847,0.00196202565,646.0167847,0.001548615983,646.0167847,-0.0003862539306,646.0167847,0.006804398727,646.0167847,-0.00338549423,
644.9946899,0.00280605047,644.9946899,0.001735337195,644.9946899,0.001466116286,644.9946899,-0.0004932099255,644.9946899,0.006757833064,644.9946899,-0.00332317804,
644.008728,0.002742588054,644.008728,0.001812767121,644.008728,0.001027048449,644.008728,-0.0003416638938,644.008728,0.006756518502,644.008728,-0.003168042284,
642.9860229,0.002582879271,642.9860229,0.001630040118,642.9860229,0.00132061122,642.9860229,-0.0005121365539,642.9860229,0.006671840791,642.9860229,-0.003360116621,
641.9995117,0.002809697995,641.9995117,0.001841023797,641.9995117,0.001147979521,641.9995117,-0.0004323909816,641.9995117,0.006955408957,641.9995117,-0.003503063926,
641.0126953,0.002831375459,641.0126953,0.001704020891,641.0126953,0.001234208932,641.0126953,-0.0005516419187,641.0126953,0.006842869334,641.0126953,-0.003112993902,
639.9891357,0.002821057569,639.9891357,0.001850460423,639.9891357,0.001307680854,639.9891357,-0.0004043576191,639.9891357,0.00639271317,639.9891357,-0.002912582131,
639.00177,0.002460350515,639.00177,0.001690689358,639.00177,0.0008597468841,639.00177,-0.0006902958266,639.00177,0.006548415869,639.00177,-0.0032669676,
638.0141602,0.002429866698,638.0141602,0.001407679869,638.0141602,0.0007180228131,638.0141602,-0.0007046136307,638.0141602,0.00627089059,638.0141602,-0.003490276169,
636.989624,0.002852584934,636.989624,0.001805124921,636.989624,0.001424716553,636.989624,-0.0002108159242,636.989624,0.006704963278,636.989624,-0.002929140814,
636.0014038,0.002404382918,636.0014038,0.001759742154,636.0014038,0.001033301814,636.0014038,-0.0006223702221,636.0014038,0.006556772627,636.0014038,-0.003348403377,
635.0129395,0.002878173254,635.0129395,0.001858181437,635.0129395,0.001487389207,635.0129395,-0.0006200955249,635.0129395,0.00669946894,635.0129395,-0.003192557255,
633.9875488,0.00282887416,633.9875488,0.001748774084,633.9875488,0.001272085705,633.9875488,-0.0004589744785,633.9875488,0.006919032428,633.9875488,-0.003204582958,
632.9985352,0.002740191529,632.9985352,0.002085376298,632.9985352,0.001764862449,632.9985352,-0.0005206687492,632.9985352,0.00659884885,632.9985352,-0.003079375718,
632.0092163,0.00249963603,632.0092163,0.001814378775,632.0092163,0.001392487669,632.0092163,-0.0005317345494,632.0092163,0.006463620812,632.0092163,-0.003259722376,
630.9829102,0.002813944826,630.9829102,0.0020122407,630.9829102,0.001555526396,630.9829102,-0.0003965989745,630.9829102,0.006552410312,630.9829102,-0.003068734426,
629.993042,0.002197314287,629.993042,0.001517391065,629.993042,0.001437052968,629.993042,-0.0009643199155,629.993042,0.006476048846,629.993042,-0.003583480138,
629.0028687,0.002437910531,629.0028687,0.001706723589,629.0028687,0.001607045415,629.0028687,-0.0004585607385,629.0028687,0.006871823687,629.0028687,-0.003293172456,
628.0123901,0.002630405361,628.0123901,0.001900220639,628.0123901,0.001831795322,628.0123901,-0.0004421143094,628.0123901,0.0070678466,628.0123901,-0.003093152307,
626.9849854,0.002628426068,626.9849854,0.001837592339,626.9849854,0.001653919346,626.9849854,-0.0001450407435,626.9849854,0.006718475837,626.9849854,-0.003117722925,
625.9939575,0.002828353085,625.9939575,0.001920890645,625.9939575,0.002134981332,625.9939575,-0.0003752878984,625.9939575,0.00684697181,625.9939575,-0.003080763621,
625.0026855,0.002435593633,625.0026855,0.001918420661,625.0026855,0.001505779685,625.0026855,-0.0005638443981,625.0026855,0.006367232185,625.0026855,-0.003264603904,
624.0111084,0.002761891577,624.0111084,0.001874221838,624.0111084,0.001629780279,624.0111084,-0.0003169356787,624.0111084,0.00653204415,624.0111084,-0.003339618444,
622.9824829,0.002613529796,622.9824829,0.002001578454,622.9824829,0.001734167687,622.9824829,-0.0003235575859,622.9824829,0.007009993307,622.9824829,-0.003002156736,
621.9904175,0.002396782394,621.9904175,0.001825374551,621.9904175,0.001357249101,621.9904175,-0.0006815085071,621.9904175,0.006535144988,621.9904175,-0.003334069857,
620.9980469,0.002570874756,620.9980469,0.001909814542,620.9980469,0.001241893042,620.9980469,-0.0005463160924,620.9980469,0.006762434263,620.9980469,-0.00324137765,
620.0054321,0.002432417823,620.0054321,0.001688038697,620.0054321,0.001094594481,620.0054321,-0.000572840916,620.0054321,0.006539112888,620.0054321,-0.003536649514,
619.0124512,0.002568895696,619.0124512,0.001746174996,619.0124512,0.0009567630477,619.0124512,-0.0003889436484,619.0124512,0.006635330152,619.0124512,-0.00346624013,
617.9824829,0.002134278882,617.9824829,0.001705528121,617.9824829,0.0007931191358,617.9824829,-0.0008612517267,617.9824829,0.006289458368,617.9824829,-0.003692834405,
616.9890137,0.002513434971,616.9890137,0.001485778717,616.9890137,0.0006966580404,616.9890137,-0.0004780577146,616.9890137,0.00662526302,616.9890137,-0.003617624054,
615.9951782,0.002652126132,615.9951782,0.00194936234,615.9951782,0.0008112209616,615.9951782,-0.0001510959992,615.9951782,0.006765694357,615.9951782,-0.003077781992,
615.0012207,0.002326951595,615.0012207,0.001806268701,615.0012207,0.0004664826265,615.0012207,-0.0007141758106,615.0012207,0.006455003284,615.0012207,-0.003439069726,
614.006897,0.00258241035,614.006897,0.001885895152,614.006897,0.0008403980755,614.006897,-0.0006082564942,614.006897,0.006547732744,614.006897,-0.003234748496,
613.0122681,0.002734773094,613.0122681,0.001667067874,613.0122681,0.0005397729692,613.0122681,-0.0004261327558,613.0122681,0.006479438394,613.0122681,-0.003008994972,
612.0174561,0.002337465761,612.0174561,0.001632898231,612.0174561,0.000216382934,612.0174561,-0.0005933667999,612.0174561,0.006307213102,612.0174561,-0.003609357867,
610.9855347,0.002461860422,610.9855347,0.00156243681,610.9855347,0.0003680473019,610.9855347,-0.0005556232645,610.9855347,0.006513754837,610.9855347,-0.003433522303,
609.9900513,0.002423619386,609.9900513,0.001679151319,609.9900513,0.0001991346362,609.9900513,-0.0005619830335,609.9900513,0.006602791138,609.9900513,-0.003221798688,
608.9944458,0.00207648077,608.9944458,0.001676033018,608.9944458,-0.0001277543488,608.9944458,-0.0008095276426,608.9944458,0.006327332463,608.9944458,-0.003636723151,
607.9985352,0.002454909496,607.9985352,0.001648826408,607.9985352,5.674575004E-005,607.9985352,-0.0005920742988,607.9985352,0.006765483879,607.9985352,-0.003406709293,
607.0023193,0.002332364907,607.0023193,0.001797872712,607.0023193,0.0002848131408,607.0023193,-0.000496105873,607.0023193,0.00628055539,607.0023193,-0.003373319283,
606.0059204,0.002139221644,606.0059204,0.001873571891,606.0059204,-6.388187467E-005,606.0059204,-0.0005122916773,606.0059204,0.006152174436,606.0059204,-0.003381898161,
605.0091553,0.002268086886,605.0091553,0.001845053164,605.0091553,-8.567410259E-005,605.0091553,-0.0006314689526,605.0091553,0.006316169631,605.0091553,-0.003475741716,
604.012146,0.002270506928,604.012146,0.001688298536,604.012146,-0.0001484565437,604.012146,-0.00068641908,604.012146,0.006626183167,604.012146,-0.003799543716,
603.0148926,0.002229759004,603.0148926,0.001633521868,603.0148926,-0.0001971027959,603.0148926,-0.0006711184978,603.0148926,0.006141278427,603.0148926,-0.003688573604,
602.017395,0.002299313899,602.017395,0.001496454468,602.017395,-0.0001478354825,602.017395,-0.0007792446995,602.017395,0.006089743692,602.017395,-0.003765824484,
600.982605,0.002408625791,600.982605,0.001770034665,600.982605,9.0221969E-005,600.982605,-0.0006160630728,600.982605,0.006451745052,600.982605,-0.003400288522,
599.9846191,0.002374085598,599.9846191,0.001919226605,599.9846191,-0.0001156948638,599.9846191,-0.0004725758918,599.9846191,0.006449065171,599.9846191,-0.003495052457,
598.9862671,0.0024427264,598.9862671,0.0017229144,598.9862671,7.675868255E-005,598.9862671,-0.0003307484731,598.9862671,0.006348214112,598.9862671,-0.003304373473,
597.9876709,0.002306600567,597.9876709,0.001652178471,597.9876709,-0.0002039852843,597.9876709,-0.0006000362337,597.9876709,0.006472475361,597.9876709,-0.003391966689,
596.9888306,0.002568479162,596.9888306,0.002082307125,596.9888306,1.265842275E-005,596.9888306,-0.0003072095278,596.9888306,0.006817519665,596.9888306,-0.003226783359,
595.9896851,0.002406803891,595.9896851,0.001879863441,595.9896851,1.76545891E-005,595.9896851,-0.0003718738735,595.9896851,0.006353047211,595.9896851,-0.003542760387,
594.9903564,0.002387073589,594.9903564,0.001775752986,594.9903564,-3.416813342E-005,594.9903564,-0.0004691626527,594.9903564,0.007123813033,594.9903564,-0.003506402019,
593.9907227,0.002590404823,593.9907227,0.00199570111,593.9907227,-7.656394155E-005,593.9907227,-0.000218733112,593.9907227,0.006507080514,593.9907227,-0.003363044932,
592.9908447,0.00230298331,592.9908447,0.001948244288,592.9908447,-8.810689906E-005,592.9908447,-0.0002559367858,592.9908447,0.006678280886,592.9908447,-0.003132115118,
591.9907227,0.002348787151,591.9907227,0.001874845824,591.9907227,6.795598165E-005,591.9907227,-0.0002880670363,591.9907227,0.006516776979,591.9907227,-0.003223289037,
590.9902954,0.002552621299,590.9902954,0.001718444284,590.9902954,-0.0001328264771,590.9902954,-0.000272648962,590.9902954,0.006643215194,590.9902954,-0.003304733196,
589.989563,0.002602097346,589.989563,0.001927988953,589.989563,9.962062904E-005,589.989563,-0.0001115024352,589.989563,0.006871507969,589.989563,-0.003400750691,
588.9886475,0.002766841324,588.9886475,0.002256975975,588.9886475,7.859690959E-005,588.9886475,-0.0001023928198,588.9886475,0.006955356337,588.9886475,-0.003222209867,
587.9874878,0.00281149568,587.9874878,0.002001682296,587.9874878,0.0001011482527,587.9874878,2.971810864E-005,587.9874878,0.006773345638,587.9874878,-0.003164238995,
586.9860229,0.002441216493,586.9860229,0.001942783827,586.9860229,-5.979246998E-005,586.9860229,-0.0004676628741,586.9860229,0.006720789243,586.9860229,-0.003412770806,
585.984314,0.002628868911,585.984314,0.002119893674,585.984314,-8.805513789E-005,585.984314,-6.584890798E-005,585.984314,0.006934577134,585.984314,-0.003321790835,
584.9823608,0.002512862207,584.9823608,0.001701266156,584.9823608,-0.000169934021,584.9823608,-0.0004266499891,584.9823608,0.006570753641,584.9823608,-0.00342129753,
584.0172119,0.002553558676,584.0172119,0.001885817153,584.0172119,-0.0002079698315,584.0172119,-0.0002721833007,584.0172119,0.006293319166,584.0172119,-0.003118596738,
583.0147705,0.002221484901,583.0147705,0.001955004875,583.0147705,-0.000238447843,583.0147705,-0.0002763741941,583.0147705,0.006581449881,583.0147705,-0.00352827902,
582.0120239,0.002555277199,582.0120239,0.001925986842,582.0120239,-9.318848242E-006,582.0120239,-0.0001274438109,582.0120239,0.006826618221,582.0120239,-0.003192454344,
581.0090332,0.002450614236,581.0090332,0.001998899737,581.0090332,-3.235625627E-005,581.0090332,-0.0002900330583,581.0090332,0.006517827976,581.0090332,-0.003274777904,
580.0058594,0.002479563234,580.0058594,0.001827324159,580.0058594,0.0001571562607,580.0058594,-0.0001384161005,580.0058594,0.006856859662,580.0058594,-0.003290500725,
579.0023804,0.002547934419,579.0023804,0.001795767224,579.0023804,-1.366757624E-005,579.0023804,-0.0001169370589,579.0023804,0.006616799626,579.0023804,-0.003458587453,
577.9985962,0.002657986013,577.9985962,0.00212915428,577.9985962,-5.756657629E-005,577.9985962,-8.283502098E-007,577.9985962,0.006673338823,577.9985962,-0.003306634026,
576.9945679,0.0025569438,576.9945679,0.002173066838,576.9945679,0.0002553883824,576.9945679,-0.0001234067604,576.9945679,0.006529915612,576.9945679,-0.003085441422,
575.9902954,0.002646083711,575.9902954,0.001957189292,575.9902954,7.872636343E-005,575.9902954,-0.0002980522986,575.9902954,0.007001180202,575.9902954,-0.00326424418,
574.9858398,0.002383793937,574.9858398,0.002086807042,574.9858398,-0.0001635685185,574.9858398,-0.000173194363,574.9858398,0.006749235559,574.9858398,-0.003296563635,
574.0183105,0.002633139957,574.0183105,0.002060042694,574.0183105,0.0001361556497,574.0183105,-4.985351188E-005,574.0183105,0.006900174543,574.0183105,-0.00307495473,
573.0132446,0.002429502318,573.0132446,0.002190029481,573.0132446,-0.0001021857825,573.0132446,-0.0002042957785,573.0132446,0.006733723916,573.0132446,-0.003208231647,
572.0079956,0.002582071815,572.0079956,0.002163180849,572.0079956,-8.231660104E-006,572.0079956,-0.0001720040746,572.0079956,0.007183049805,572.0079956,-0.003394894768,
571.0025024,0.002404252766,571.0025024,0.002172364388,571.0025024,-0.0001324124314,571.0025024,-0.0002115921234,571.0025024,0.006615012418,571.0025024,-0.003498955397,
569.9967041,0.002674004063,569.9967041,0.002259057714,569.9967041,0.0001511226874,569.9967041,-5.135472384E-005,569.9967041,0.006791041233,569.9967041,-0.003331809305,
568.9907837,0.002486306243,568.9907837,0.002053904813,568.9907837,0.0001149748059,568.9907837,-0.0001292035304,568.9907837,0.006850627251,568.9907837,-0.003205096815,
567.984436,0.002680723788,567.984436,0.002235535299,567.984436,0.0002315858292,567.984436,-2.717941607E-005,567.984436,0.006725389976,567.984436,-0.002912119264,
567.0153198,0.002242170274,567.0153198,0.002078561578,567.0153198,-4.415921649E-005,567.0153198,-0.0001128481599,567.0153198,0.006501431111,567.0153198,-0.003342906479,
566.0084839,0.002371690935,566.0084839,0.002056375612,566.0084839,-0.0001303421741,566.0084839,-0.0005160148721,566.0084839,0.00682756491,566.0084839,-0.00352863851,
565.0015259,0.002434240188,565.0015259,0.002039678162,565.0015259,2.3038574E-006,565.0015259,-0.0001542012178,565.0015259,0.006819229107,565.0015259,-0.003352873027,
563.9942627,0.002640848979,563.9942627,0.002156833187,563.9942627,-5.999952919E-005,563.9942627,-0.0001478872437,563.9942627,0.007102920208,563.9942627,-0.003115512663,
562.9868164,0.002653193893,562.9868164,0.002237148583,562.9868164,-4.778286893E-005,562.9868164,-5.233827324E-005,562.9868164,0.00673443405,562.9868164,-0.003250524402,
562.0163574,0.002640640596,562.0163574,0.0020650886,562.0163574,1.819821773E-005,562.0163574,-0.0001164712376,562.0163574,0.006473868154,562.0163574,-0.003127694828,
561.0084229,0.002530853497,561.0084229,0.002297414234,561.0084229,1.755104131E-005,561.0084229,-3.515172284E-005,561.0084229,0.006977768149,561.0084229,-0.003239579033,
560.0001221,0.00263095228,560.0001221,0.002136308001,560.0001221,9.804122965E-005,560.0001221,-7.242290303E-005,560.0001221,0.006817835383,560.0001221,-0.00330123934,
558.9916992,0.002821448492,558.9916992,0.002319534542,558.9916992,6.754173955E-005,558.9916992,5.41827103E-005,558.9916992,0.006963168737,558.9916992,-0.003283718368,
557.9829712,0.002431090223,557.9829712,0.002081292681,557.9829712,-6.17077676E-005,557.9829712,-0.0001903754455,557.9829712,0.006932683289,557.9829712,-0.003454375779,
557.0114136,0.002665565349,557.0114136,0.002249690238,557.0114136,9.260397928E-005,557.0114136,-0.0001624299621,557.0114136,0.006932683289,557.0114136,-0.003095825203,
556.0021973,0.002632671269,556.0021973,0.002225023462,556.0021973,-8.236134454E-005,556.0021973,-0.0002419146476,556.0021973,0.006811156403,556.0021973,-0.003266659332,
554.9927368,0.002530749422,554.9927368,0.002304492518,554.9927368,0.0002720431658,554.9927368,-6.657360791E-005,554.9927368,0.006970981136,554.9927368,-0.003079786897,
553.9830933,0.002547387499,553.9830933,0.002008651849,553.9830933,-0.0001094320833,553.9830933,-0.0002105054446,553.9830933,0.006668397225,553.9830933,-0.003249445232,
553.0105591,0.002701613586,553.0105591,0.002348969458,553.0105591,0.0001270669163,553.0105591,0.0001223802101,553.0105591,0.007084317505,553.0105591,-0.003121012589,
552.0003052,0.002818947192,552.0003052,0.002407272346,552.0003052,0.0001401951449,552.0003052,5.879101445E-005,552.0003052,0.007219870109,552.0003052,-0.003118956462,
550.9899902,0.002657178789,550.9899902,0.002262726659,550.9899902,0.00015164059,550.9899902,-0.0001326712081,550.9899902,0.006774502341,550.9899902,-0.00326501485,
550.0167847,0.002355554141,550.0167847,0.002134981332,550.0167847,-0.0001164194837,550.0167847,-2.738649164E-005,550.0167847,0.006433748174,550.0167847,-0.003344653174,
549.0058594,0.002676504431,549.0058594,0.002090162365,549.0058594,0.0001814208663,549.0058594,-0.0001249594789,549.0058594,0.0065603205,549.0058594,-0.003271746216,
547.9946899,0.002640223829,547.9946899,0.002052500146,547.9946899,0.0001574411144,547.9946899,9.500254237E-006,547.9946899,0.006749025546,547.9946899,-0.003295484697,
546.9833984,0.002877547871,546.9833984,0.002375621116,546.9833984,0.000313669967,546.9833984,0.0002742707729,546.9833984,0.007112156134,546.9833984,-0.003182741115,
546.0092773,0.002797765424,546.0092773,0.00225793873,546.0092773,0.0002611384843,546.0092773,9.907690401E-005,546.0092773,0.007209999952,546.0092773,-0.003239270765,
544.9974365,0.002481151372,544.9974365,0.002260670997,544.9974365,7.215018559E-005,544.9974365,-3.421990186E-005,544.9974365,0.006913430057,544.9974365,-0.003194355872,
543.9854126,0.002660720842,543.9854126,0.002230825834,543.9854126,0.0001066115001,543.9854126,-0.0001032727305,543.9854126,0.006656226702,543.9854126,-0.003265168983,
543.0105591,0.002540018875,543.0105591,0.002063449938,543.0105591,0.0001554471673,543.0105591,-2.381443846E-005,543.0105591,0.006672865711,543.0105591,-0.003066318342,
541.9979858,0.002654652344,541.9979858,0.002225361764,541.9979858,0.0001168390882,541.9979858,-5.808422793E-005,541.9979858,0.006968771573,541.9979858,-0.003273287788,
540.9851685,0.002991670975,540.9851685,0.00243746792,540.9851685,3.036530325E-005,540.9851685,-1.346049521E-005,540.9851685,0.007154180668,540.9851685,-0.003395562526,
540.0097046,0.002928676782,540.0097046,0.002567671938,540.0097046,0.0003582801146,540.0097046,0.0001539193472,540.0097046,0.007560135331,540.0097046,-0.003074389184,
538.99646,0.002787135774,538.99646,0.002422057558,538.99646,0.000191857398,538.99646,0.0002435516944,538.99646,0.007040352561,538.99646,-0.003085184377,
537.9830322,0.002715288661,537.9830322,0.002132510068,537.9830322,0.00016629741,537.9830322,0.0001491805742,537.9830322,0.006930368487,537.9830322,-0.003217482008,
537.0067749,0.002730761655,537.0067749,0.002390535548,537.0067749,0.0002432408946,537.0067749,8.636417624E-005,537.0067749,0.006809473503,537.0067749,-0.003166705836,
535.9928589,0.002841693582,535.9928589,0.002496355679,535.9928589,0.0001692236547,535.9928589,0.0001362592302,535.9928589,0.007045825012,535.9928589,-0.003264963627,
535.0162964,0.002663585823,535.0162964,0.002341109561,535.0162964,0.0003165713279,535.0162964,0.0001749467192,535.0162964,0.006517118309,535.0162964,-0.003066009842,
534.0018921,0.002651709365,534.0018921,0.00219172053,534.0018921,0.0001889309933,534.0018921,-8.12811777E-006,534.0018921,0.006747473963,534.0018921,-0.003249548143,
532.9871826,0.002896362217,532.9871826,0.002502421848,532.9871826,4.333527249E-005,532.9871826,-3.867191481E-005,532.9871826,0.007497949991,532.9871826,-0.003314443631,
532.0099487,0.002833407838,532.0099487,0.00248234882,532.0099487,0.0002943455183,532.0099487,0.000136518167,532.0099487,0.007453469094,532.0099487,-0.003285002895,
530.994812,0.002798312576,530.994812,0.002501432551,530.994812,0.0003457411367,530.994812,0.0001024687517,530.994812,0.00662762858,530.994812,-0.003053003456,
530.0170898,0.002615222475,530.0170898,0.00230657449,530.0170898,0.000323332526,530.0170898,9.361375123E-005,530.0170898,0.00654429011,530.0170898,-0.002986474894,
529.0015259,0.002962922445,529.0015259,0.002584676025,529.0015259,0.0003155610175,529.0015259,0.0003615962632,529.0015259,0.007576071657,529.0015259,-0.002994855633,
527.9857178,0.00324006239,527.9857178,0.002786354162,527.9857178,0.0003517515142,527.9857178,0.0002158649586,527.9857178,0.007521600928,527.9857178,-0.003183460562,
527.0073242,0.002928442322,527.0073242,0.002654678421,527.0073242,0.0002755140886,527.0073242,7.714703679E-005,527.0073242,0.007279356942,527.0073242,-0.003294919617,
525.9910278,0.003163133748,525.9910278,0.002789063845,525.9910278,0.0003405080643,525.9910278,0.0001195060686,525.9910278,0.007411731873,525.9910278,-0.003285927698,
525.012207,0.003156093415,525.012207,0.002825226402,525.012207,0.000403931248,525.012207,0.0004148654116,525.012207,0.007104683202,525.012207,-0.003162799869,
523.9955444,0.00305861095,523.9955444,0.002634963021,523.9955444,0.0002932057832,523.9955444,0.0001712953381,523.9955444,0.007607682608,523.9955444,-0.003179965774,
523.0162354,0.003070029197,523.0162354,0.002653324045,523.0162354,0.0002740894561,523.0162354,0.0003237988276,523.0162354,0.007163733244,523.0162354,-0.003197953338,
521.9991455,0.003076859517,521.9991455,0.002851542784,521.9991455,0.0004911273136,521.9991455,0.0003664928081,521.9991455,0.007231424563,521.9991455,-0.00293315202,
520.9817505,0.002950777067,520.9817505,0.002738420153,520.9817505,0.0003724516719,520.9817505,0.000280850014,520.9817505,0.007213974372,520.9817505,-0.002989148488,
520.0018311,0.003107023658,520.0018311,0.002727244981,520.0018311,0.0005462525878,520.0018311,0.0003542385821,520.0018311,0.007356228307,520.0018311,-0.002889131196,
518.9839478,0.003062443109,518.9839478,0.002794170054,518.9839478,0.000442875782,518.9839478,0.000270152319,518.9839478,0.007356781512,518.9839478,-0.003179657506,
518.0036011,0.00299573713,518.0036011,0.002811834449,518.0036011,0.0002967545588,518.0036011,0.0003033082467,518.0036011,0.007265432272,518.0036011,-0.003250113223,
516.9853516,0.003263795748,516.9853516,0.002982678823,516.9853516,0.0005257774028,516.9853516,0.0005084908917,516.9853516,0.007744558156,516.9853516,-0.003023236524,
516.0045776,0.003265204141,516.0045776,0.002849927172,516.0045776,0.0005207235808,516.0045776,0.0004119116056,516.0045776,0.007418894209,516.0045776,-0.003013879294,
514.9859009,0.003201987594,514.9859009,0.002822021721,514.9859009,0.0004104347026,514.9859009,0.0005917419912,514.9859009,0.007300863974,514.9859009,-0.00318299816,
514.0046387,0.003248851281,514.0046387,0.002848441945,514.0046387,0.0004427980457,514.0046387,0.0004346357309,514.0046387,0.007122233976,514.0046387,-0.003321225522,
512.9855347,0.003206472844,512.9855347,0.002973790979,512.9855347,0.0006446505431,512.9855347,0.0004220168339,512.9855347,0.007280120626,512.9855347,-0.003050638596,
512.0039063,0.003338446608,512.0039063,0.002936286619,512.0039063,0.0005215529236,512.0039063,0.0003737729858,512.0039063,0.007453758735,512.0039063,-0.003179246327,
510.9842224,0.003425946925,510.9842224,0.003015964292,510.9842224,0.0005342006334,510.9842224,0.0004997830838,510.9842224,0.007277777418,510.9842224,-0.002817793749,
510.0021667,0.003437896725,510.0021667,0.003062651493,510.0021667,0.0007605740684,510.0021667,0.0008144109161,510.0021667,0.007768064737,510.0021667,-0.002825097879,
508.9820862,0.003302371595,508.9820862,0.003097794252,508.9820862,0.0006613980513,508.9820862,0.0005891498877,508.9820862,0.007860336453,508.9820862,-0.002980973106,
507.9996338,0.003423729213,507.9996338,0.003064632881,507.9996338,0.0007160003879,507.9996338,0.0005284987274,507.9996338,0.00752320746,507.9996338,-0.002957783174,
507.0169678,0.003639971837,507.0169678,0.003057463793,507.0169678,0.00099238439,507.0169678,0.0006937023136,507.0169678,0.007680870593,507.0169678,-0.002649355913,
505.9962463,0.003460153472,505.9962463,0.003086453304,505.9962463,0.0007038140902,505.9962463,0.0005952413776,505.9962463,0.007576993667,505.9962463,-0.002972386312,
505.0131531,0.003585026599,505.0131531,0.003300415352,505.0131531,0.0007767296047,505.0131531,0.0007089478313,505.0131531,0.007766114548,505.0131531,-0.002713466762,
503.9919739,0.00373191922,503.9919739,0.003206472844,503.9919739,0.0008283379721,503.9919739,0.0005825659609,503.9919739,0.007759183645,503.9919739,-0.002878125291,
503.0084534,0.0036789726,503.0084534,0.003338107606,503.0084534,0.0007163634291,503.0084534,0.0008253035485,503.0084534,0.007498871535,503.0084534,-0.002830189886,
501.9868469,0.003897327464,501.9868469,0.003468294628,501.9868469,0.0009368651663,501.9868469,0.0008005879936,501.9868469,0.007640376221,501.9868469,-0.002695356263,
501.0029297,0.003812395735,501.0029297,0.00337828137,501.0029297,0.0008682543412,501.0029297,0.0009917616844,501.0029297,0.007818349637,501.0029297,-0.002662065672,
500.0187683,0.00370706385,500.0187683,0.003392395331,500.0187683,0.0009562701453,500.0187683,0.0009011446964,500.0187683,0.007423265371,500.0187683,-0.002667931607,
498.996582,0.004004325252,498.996582,0.003740874818,498.996582,0.001151042175,498.996582,0.0009827328613,498.996582,0.00778825162,498.996582,-0.002424842212,
498.0119934,0.00402188208,498.0119934,0.003713852027,498.0119934,0.001164980116,498.0119934,0.000954013085,498.0119934,0.007945114747,498.0119934,-0.002549878089,
496.9893188,0.004027264193,496.9893188,0.003779049264,496.9893188,0.001163864043,496.9893188,0.001045471407,496.9893188,0.008200392127,496.9893188,-0.002503090305,
496.004364,0.00416481914,496.004364,0.003957615234,496.004364,0.001304097823,496.004364,0.001125607407,496.004364,0.008125771768,496.004364,-0.002303220797,
494.9812927,0.003884529229,494.9812927,0.003592413152,494.9812927,0.001146500115,494.9812927,0.0009579305188,494.9812927,0.007888409309,494.9812927,-0.002561870264,
493.9958801,0.003969187848,493.9958801,0.003641068237,493.9958801,0.001129396493,493.9958801,0.001045549288,493.9958801,0.008056938648,493.9958801,-0.002566553652,
493.0102844,0.003849871224,493.0102844,0.003482803004,493.0102844,0.001238700002,493.0102844,0.001025595469,493.0102844,0.007707113866,493.0102844,-0.002556002932,
491.9866028,0.003898476716,491.9866028,0.003663909622,491.9866028,0.001214402146,491.9866028,0.001244826475,491.9866028,0.008052191697,491.9866028,-0.002401519567,
491.0006104,0.004481225275,491.0006104,0.003902211785,491.0006104,0.001195478835,491.0006104,0.001144112321,491.0006104,0.007980100811,491.0006104,-0.002453260357,
490.0144043,0.004310313147,490.0144043,0.003948602825,490.0144043,0.001213415759,490.0144043,0.001065763528,490.0144043,0.008024608716,490.0144043,-0.002484353259,
488.9900208,0.004082500469,488.9900208,0.003824669635,488.9900208,0.001287481398,488.9900208,0.001172948512,488.9900208,0.007419499569,488.9900208,-0.0024552166,
488.0034485,0.004359100945,488.0034485,0.004015089478,488.0034485,0.001534432056,488.0034485,0.001420742949,488.0034485,0.0081803184,488.0034485,-0.002162505174,
487.0166626,0.004730758257,487.0166626,0.004385327455,487.0166626,0.001505649765,487.0166626,0.001365506672,487.0166626,0.008714012802,487.0166626,-0.002183986362,
485.9916382,0.004579341505,485.9916382,0.004176162183,485.9916382,0.001368700643,485.9916382,0.001409419929,485.9916382,0.008158477023,485.9916382,-0.002273350954,
485.004425,0.004362134263,485.004425,0.00403865613,485.004425,0.001483181259,485.004425,0.001495597302,485.004425,0.007479541004,485.004425,-0.002288749674,
484.0170288,0.004365873057,484.0170288,0.004009550437,484.0170288,0.001421703957,484.0170288,0.001317651244,484.0170288,0.008373924531,484.0170288,-0.00225414033,
482.9914246,0.004922753666,482.9914246,0.00455543166,482.9914246,0.001511416514,482.9914246,0.001446688548,482.9914246,0.009135492146,482.9914246,-0.002289934084,
482.0036316,0.004964252468,482.0036316,0.004641241394,482.0036316,0.001635236782,482.0036316,0.001563787693,482.0036316,0.00867899321,482.0036316,-0.002159311203,
481.015625,0.004632921424,481.015625,0.004422878381,481.015625,0.001560981967,481.015625,0.001205264824,481.015625,0.00856996607,481.015625,-0.002321862616,
479.9894104,0.004813095089,479.9894104,0.004611729179,479.9894104,0.001559371245,479.9894104,0.001447467715,479.9894104,0.008596236818,479.9894104,-0.002229211619,
479.0010071,0.0048279888,479.0010071,0.004620860331,479.0010071,0.001800290076,479.0010071,0.001786643756,479.0010071,0.008384163491,479.0010071,-0.001857997617,
478.0123596,0.005156692117,478.0123596,0.004858850501,478.0123596,0.001832809183,478.0123596,0.001867462532,478.0123596,0.009067953564,478.0123596,-0.001898463117,
476.9855347,0.004953596275,476.9855347,0.004656626377,476.9855347,0.001795169432,476.9855347,0.001844715211,476.9855347,0.008472316898,476.9855347,-0.001900370349,
475.9965515,0.005274245515,475.9965515,0.00486316951,475.9965515,0.001882567303,475.9965515,0.001795143471,475.9965515,0.009170997888,475.9965515,-0.001964076422,
475.0073242,0.005316931289,475.0073242,0.004895762075,475.0073242,0.002057389822,475.0073242,0.001887403079,475.0073242,0.008383556269,475.0073242,-0.001777055091,
474.0179443,0.005144773517,474.0179443,0.004817780107,474.0179443,0.001857531606,474.0179443,0.001842869562,474.0179443,0.008915307932,474.0179443,-0.001843150705,
472.9902954,0.005209033377,472.9902954,0.004965011962,472.9902954,0.002060614992,472.9902954,0.001981970621,472.9902954,0.008828437887,472.9902954,-0.001848408952,
472.0005493,0.005600927398,472.0005493,0.00509615941,472.0005493,0.002071148716,472.0005493,0.002060797065,472.0005493,0.008980074897,472.0005493,-0.001741579967,
471.0105896,0.005410152022,471.0105896,0.004940269049,471.0105896,0.001955004875,471.0105896,0.002042460954,471.0105896,0.0090601556,471.0105896,-0.001688104123,
469.9822998,0.005478854757,469.9822998,0.005172304809,469.9822998,0.002195493085,469.9822998,0.00204735063,469.9822998,0.009072420187,469.9822998,-0.00180922763,
468.9919739,0.005600481294,468.9919739,0.005288709421,468.9919739,0.002380436286,468.9919739,0.002258016728,468.9919739,0.009317834862,468.9919739,-0.001579481759,
468.0014343,0.005777830258,468.0014343,0.005450046156,468.0014343,0.002382726874,468.0014343,0.002317296341,468.0014343,0.009109717794,468.0014343,-0.001478158985,
467.0107117,0.00572867319,467.0107117,0.005457071122,467.0107117,0.002277402673,467.0107117,0.002294993959,467.0107117,0.00938824378,467.0107117,-0.001389043522,
465.9815674,0.005887208041,465.9815674,0.005540332291,465.9815674,0.002275112784,465.9815674,0.002342541004,465.9815674,0.009793142788,465.9815674,-0.001478055841,
464.990448,0.00575752696,464.990448,0.005252262577,464.990448,0.002324557398,464.990448,0.00227885996,464.990448,0.009144877084,464.990448,-0.00164591684,
463.9990845,0.006074045785,463.9990845,0.005751913413,463.9990845,0.002581134439,463.9990845,0.00249791774,463.9990845,0.008931347169,463.9990845,-0.001375728869,
463.0075989,0.005895683542,463.0075989,0.005758523475,463.0075989,0.002619962208,463.0075989,0.002623842563,463.0075989,0.009457075968,463.0075989,-0.001356220455,
462.0158997,0.006112110801,462.0158997,0.005800758488,462.0158997,0.002563088899,462.0158997,0.002546163741,462.0158997,0.009626823477,462.0158997,-0.001260627294,
460.9858704,0.006018057,460.9858704,0.005676007364,460.9858704,0.002585274866,460.9858704,0.002479953691,460.9858704,0.009194343351,460.9858704,-0.001362620154,
459.9938049,0.006250905339,459.9938049,0.00582688814,459.9938049,0.002732272493,459.9938049,0.002702551195,459.9938049,0.00937607605,459.9938049,-0.001182877808,
459.0015259,0.006432224531,459.0015259,0.006262302864,459.0015259,0.002722973004,459.0015259,0.002792450599,459.0015259,0.01015859004,459.0015259,-0.001236003009,
458.0090637,0.006505792961,458.0090637,0.006220259704,458.0090637,0.002792815445,458.0090637,0.002762412652,458.0090637,0.009983734228,458.0090637,-0.00104474253,
457.0163879,0.006425498985,457.0163879,0.006237695925,457.0163879,0.00287275319,457.0163879,0.002851021476,457.0163879,0.01021784544,457.0163879,-0.00107805396,
455.9854126,0.006440763362,455.9854126,0.006209230982,455.9854126,0.002844351111,455.9854126,0.002884375164,455.9854126,0.009801429696,455.9854126,-0.001057189424,
454.9923706,0.006612646859,454.9923706,0.006370357703,454.9923706,0.003088408615,454.9923706,0.002955312142,454.9923706,0.01009176578,454.9923706,-0.001104288152,
453.999176,0.006812234409,453.999176,0.006473605521,453.999176,0.003185845912,453.999176,0.003185037524,453.999176,0.01030711364,453.999176,-0.0008009494049,
453.0057983,0.006650128402,453.0057983,0.006327989046,453.0057983,0.002994512208,453.0057983,0.003087939462,453.0057983,0.009875835851,453.0057983,-0.0008417202625,
452.0121765,0.006933603901,452.0121765,0.006484614685,452.0121765,0.003148114774,452.0121765,0.003146706615,452.0121765,0.01033582259,452.0121765,-0.0008290088736,
451.0184326,0.007066846825,451.0184326,0.006796641741,451.0184326,0.003342959564,451.0184326,0.003231351729,451.0184326,0.01031641755,451.0184326,-0.0006436175318,
449.9862671,0.007073371671,449.9862671,0.00660665473,449.9862671,0.003223241307,449.9862671,0.00305775064,449.9862671,0.01024564635,449.9862671,-0.0008275103173,
448.9920959,0.007197867148,448.9920959,0.00687432196,448.9920959,0.003426520852,448.9920959,0.003375776811,448.9920959,0.01007496845,448.9920959,-0.0006325028953,
447.9977417,0.007226186804,447.9977417,0.007023278624,447.9977417,0.00340877939,447.9977417,0.00337697682,447.9977417,0.01075245906,447.9977417,-0.0005539686535,
447.0032959,0.00734777702,447.0032959,0.007011729293,447.0032959,0.00348491664,447.0032959,0.00352442544,447.0032959,0.01036564633,447.0032959,-0.0005297696334,
446.008606,0.007366838865,446.008606,0.007137128152,446.008606,0.00346638984,446.008606,0.003449820913,446.008606,0.0103584351,446.008606,-0.0005699454923,
445.0137329,0.00758895278,445.0137329,0.007368339691,445.0137329,0.003585992381,445.0137329,0.003616974922,445.0137329,0.01092701312,445.0137329,-0.0004354424891,
444.0186462,0.007645855658,444.0186462,0.007218790706,444.0186462,0.003751266748,444.0186462,0.003631618572,444.0186462,0.01094652526,444.0186462,-0.0004470793356,
442.985199,0.007846946828,442.985199,0.007537772879,442.985199,0.003854102222,442.985199,0.003840704449,442.985199,0.01086322963,442.985199,-9.675096953E-005,
441.9897461,0.007637029979,441.9897461,0.007451863028,441.9897461,0.00394055713,441.9897461,0.003682235954,441.9897461,0.01088759489,441.9897461,-0.0002981557627,
440.9941711,0.007908628322,440.9941711,0.007510196418,440.9941711,0.003748681862,440.9941711,0.003922115546,440.9941711,0.0111504253,440.9941711,-0.0002233902196,
439.9983826,0.007890386507,439.9983826,0.007873358205,439.9983826,0.004058644176,439.9983826,0.003836212447,439.9983826,0.0109574357,439.9983826,-0.0001580309618,
439.0024414,0.008001958951,439.0024414,0.007742002141,439.0024414,0.003962761257,439.0024414,0.00386538473,439.0024414,0.01111263316,439.0024414,-0.00016936475,
438.0062866,0.008241202682,438.0062866,0.008050688542,438.0062866,0.004078032449,438.0062866,0.004114982206,438.0062866,0.01089866366,438.0062866,8.882384282E-005,
437.0099182,0.008533797227,437.0099182,0.008046047762,437.0099182,0.004307541996,437.0099182,0.004199162591,437.0099182,0.01145447511,437.0099182,0.0003371143539,
436.0134277,0.00824009534,436.0134277,0.008039428852,436.0134277,0.004203187767,436.0134277,0.004108919296,436.0134277,0.01080080774,436.0134277,7.300456491E-005,
435.0168152,0.008461758494,435.0168152,0.008206037804,435.0168152,0.004304587841,435.0168152,0.004317084793,435.0168152,0.01153046731,435.0168152,0.0002771977452,
433.9815674,0.008544990793,433.9815674,0.008196013048,433.9815674,0.004395970143,433.9815674,0.004457085393,433.9815674,0.01157443691,433.9815674,0.0003569329274,
432.9845581,0.008519436233,432.9845581,0.008411214687,432.9845581,0.004531235434,432.9845581,0.004372410011,432.9845581,0.01153062657,432.9845581,0.0003988528915,
431.9873657,0.008781549521,431.9873657,0.008518565446,431.9873657,0.004541096743,431.9873657,0.004460354336,431.9873657,0.01174948271,431.9873657,0.0004944704124,
430.9900208,0.008821252733,430.9900208,0.008571735583,430.9900208,0.004582402296,430.9900208,0.004505497403,430.9900208,0.0113656614,430.9900208,0.0005982482689,
429.9924316,0.008839454502,429.9924316,0.008611974306,429.9924316,0.004661336076,429.9924316,0.004602128174,429.9924316,0.01186447125,429.9924316,0.0005766042741,
428.9946899,0.009178057313,428.9946899,0.008888833225,428.9946899,0.004927597009,428.9946899,0.004907097667,428.9946899,0.01229320187,428.9946899,0.0008481789846,
427.9967957,0.009165789932,427.9967957,0.008975873701,427.9967957,0.004964462016,427.9967957,0.004976768512,427.9967957,0.01234950032,427.9967957,0.001047443482,
426.9986877,0.009377293289,426.9986877,0.009075274691,426.9986877,0.005216158926,426.9986877,0.005124656484,426.9986877,0.01227946207,426.9986877,0.001228601672,
426.0004272,0.009485464543,426.0004272,0.009145512246,426.0004272,0.005216866732,426.0004272,0.00517178094,426.0004272,0.01251100376,426.0004272,0.001146526076,
425.0020142,0.009388482198,425.0020142,0.009067742154,425.0020142,0.005129711702,425.0020142,0.005132200196,425.0020142,0.01239893306,425.0020142,0.001003670623,
424.003418,0.009663931094,424.003418,0.0093812868,424.003418,0.005275451113,424.003418,0.005383601412,424.003418,0.01214804407,424.003418,0.001161554013,
423.0046082,0.009724971838,423.0046082,0.009515362792,423.0046082,0.005404018797,423.0046082,0.005373380147,423.0046082,0.01278417557,423.0046082,0.001324272249,
422.0056763,0.009971947409,422.0056763,0.0096560698,422.0056763,0.005453951657,422.0056763,0.005632761866,422.0056763,0.01297291089,422.0056763,0.001525236061,
421.0065918,0.01017637085,421.0065918,0.009887699969,421.0065918,0.005815817043,421.0065918,0.005855354946,421.0065918,0.01302492246,421.0065918,0.001740197302,
420.0072632,0.01047029905,420.0072632,0.01016728207,420.0072632,0.006081999745,420.0072632,0.005893374328,420.0072632,0.01292610634,420.0072632,0.001887663035,
419.007782,0.01038441714,419.007782,0.0100929318,419.007782,0.00596097298,419.007782,0.005951971281,419.007782,0.01318029966,419.007782,0.002008626005,
418.0081177,0.0107881492,418.0081177,0.01030918118,418.0081177,0.006350473035,418.0081177,0.006214114837,418.0081177,0.01348660234,418.0081177,0.002120179823,
417.0083923,0.01082041953,417.0083923,0.01051641535,417.0083923,0.006363317836,417.0083923,0.006262381561,417.0083923,0.01393762697,417.0083923,0.002294993959,
416.0083923,0.01108315587,416.0083923,0.01073428243,416.0083923,0.006769244093,416.0083923,0.00650158897,416.0083923,0.01413253415,416.0083923,0.002541320631,
415.0082397,0.01118102204,415.0082397,0.01112508867,415.0082397,0.006999101955,415.0082397,0.006793801673,415.0082397,0.01379100978,415.0082397,0.002731308574,
414.0079041,0.01179384626,414.0079041,0.01146438811,414.0079041,0.007358229253,414.0079041,0.007188023999,414.0079041,0.01431768294,414.0079041,0.003061817493,
413.0074158,0.01202177629,413.0074158,0.01184686087,413.0074158,0.007575097028,413.0074158,0.007390377577,413.0074158,0.01470626518,413.0074158,0.003380290233,
412.0067749,0.01236545295,412.0067749,0.01194034982,412.0067749,0.007983608171,412.0067749,0.007867322303,412.0067749,0.01567164995,412.0067749,0.003771424526,
411.0059509,0.01279113349,411.0059509,0.01262142416,411.0059509,0.008471076377,411.0059509,0.008185145445,411.0059509,0.01588886976,411.0059509,0.004285320174,
410.0049133,0.01316308882,410.0049133,0.0128763197,410.0049133,0.008803315461,410.0049133,0.00855755806,410.0049133,0.0158341527,410.0049133,0.004578452092,
409.0038147,0.01369907241,409.0038147,0.01346339844,409.0038147,0.009364438243,409.0038147,0.009160184301,409.0038147,0.0168489255,409.0038147,0.00500950031,
408.0025024,0.01433619671,408.0025024,0.0141046159,408.0025024,0.00994564686,408.0025024,0.00967406854,408.0025024,0.01764260605,408.0025024,0.005691061262,
407.0009766,0.01510111894,407.0009766,0.01484877151,407.0009766,0.01077838428,407.0009766,0.01065498032,407.0009766,0.0179488901,407.0009766,0.006688612048,
405.9993286,0.01607965864,405.9993286,0.01579538733,405.9993286,0.01157145947,405.9993286,0.01149615087,405.9993286,0.01932322793,405.9993286,0.007556921802,
404.9975586,0.01708000898,404.9975586,0.01676973701,404.9975586,0.01268445421,404.9975586,0.01253290474,404.9975586,0.02006939426,404.9975586,0.008542720228,
403.9955139,0.01768002659,403.9955139,0.01772279106,403.9955139,0.01362510305,403.9955139,0.01349899266,403.9955139,0.02109627053,403.9955139,0.009441811591,
402.9933777,0.01942822151,402.9933777,0.01915457286,402.9933777,0.015046902,402.9933777,0.0150063308,402.9933777,0.02273362316,402.9933777,0.01101387944,
401.9910889,0.02054071799,401.9910889,0.02036944591,401.9910889,0.01641392894,401.9910889,0.01634110883,401.9910889,0.02425217256,401.9910889,0.01246643253,
400.9886169,0.02254962362,400.9886169,0.02241844125,400.9886169,0.01843306795,400.9886169,0.0184276402,400.9886169,0.02653177083,400.9886169,0.01455499884,
399.9859619,0.02463783138,399.9859619,0.02432397753,399.9859619,0.02037275583,399.9859619,0.02039855532,399.9859619,0.02856303565,399.9859619,0.01674667932,
398.9831543,0.02715012431,398.9831543,0.0269530341,398.9831543,0.0231509991,398.9831543,0.02323482931,398.9831543,0.03109041788,398.9831543,0.01954591274,
398.0187683,0.03014048375,398.0187683,0.03000072017,398.0187683,0.026132714,398.0187683,0.02613900974,398.0187683,0.03412111849,398.0187683,0.0225394275,
397.015625,0.03298604116,397.015625,0.03294576705,397.015625,0.02924055047,397.015625,0.02927726693,397.015625,0.0373856239,397.015625,0.02580453642,
396.0123596,0.03708709031,396.0123596,0.03709848225,396.0123596,0.03382482007,396.0123596,0.03381712735,396.0123596,0.04144230485,396.0123596,0.03023444302,
395.0088806,0.04181133583,395.0088806,0.04181880504,395.0088806,0.03867933899,395.0088806,0.0386714153,395.0088806,0.04634113237,395.0088806,0.03566358984,
394.0052795,0.04737937823,394.0052795,0.04742825776,394.0052795,0.04449194297,394.0052795,0.04433452711,394.0052795,0.05233947933,394.0052795,0.04119445011,
393.0015259,0.05347640812,393.0015259,0.05354340002,393.0015259,0.05073589832,393.0015259,0.05082595348,393.0015259,0.05928212404,393.0015259,0.04818131402,
391.9975891,0.06130881235,391.9975891,0.0613518022,391.9975891,0.05923079699,391.9975891,0.05886558071,391.9975891,0.06689028442,391.9975891,0.05645255372,
390.9935303,0.06962373108,390.9935303,0.06965915859,390.9935303,0.06757670641,390.9935303,0.06749279052,390.9935303,0.07665038109,390.9935303,0.06553395838,
389.9892578,0.07944241911,389.9892578,0.07958756387,389.9892578,0.07773388922,389.9892578,0.07822035253,389.9892578,0.08749707043,389.9892578,0.07616505027,
388.9848633,0.09197141975,388.9848633,0.09185069799,388.9848633,0.0904648304,388.9848633,0.09094953537,388.9848633,0.100475736,388.9848633,0.08977343887,
388.0189209,0.1040552333,388.0189209,0.1044282168,388.0189209,0.1038702428,388.0189209,0.1041666269,388.0189209,0.1138727143,388.0189209,0.1032479405,
387.0142212,0.1199327037,387.0142212,0.1201743707,387.0142212,0.1196311638,387.0142212,0.1205973774,387.0142212,0.1301484704,387.0142212,0.1203617603,
386.0093384,0.1364796311,386.0093384,0.1373873055,386.0093384,0.1375588924,386.0093384,0.1380069405,386.0093384,0.1486691833,386.0093384,0.1386797875,
385.0043335,0.1568320543,385.0043335,0.1580854952,385.0043335,0.1591132581,385.0043335,0.1596874893,385.0043335,0.171382457,385.0043335,0.1612143219,
383.999115,0.1809234172,383.999115,0.1819921136,383.999115,0.1837778836,383.999115,0.1856833547,383.999115,0.1969051212,383.999115,0.1876451522,
382.9937744,0.205469802,382.9937744,0.2066855729,382.9937744,0.2100334764,382.9937744,0.210551843,382.9937744,0.2232191861,382.9937744,0.2137754709,
381.9882507,0.236424759,381.9882507,0.237076059,381.9882507,0.2419471592,381.9882507,0.2426531017,381.9882507,0.2563958764,381.9882507,0.2477770746,
380.9826355,0.2713015079,380.9826355,0.2742407918,380.9826355,0.2790540457,380.9826355,0.2803555727,380.9826355,0.2951318324,380.9826355,0.286067456,
380.0155029,0.3098812401,380.0155029,0.3131580353,380.0155029,0.3216643631,380.0155029,0.3214121759,380.0155029,0.3369397223,380.0155029,0.3317954838,
379.0095215,0.35825634,379.0095215,0.3596220016,379.0095215,0.3696706593,379.0095215,0.3721218407,379.0095215,0.387034744,379.0095215,0.3814090788,
378.0034485,0.4097574949,378.0034485,0.4132677019,378.0034485,0.4243756235,378.0034485,0.4268415868,378.0034485,0.4442034662,378.0034485,0.4413494766,
376.9971313,0.4645064771,376.9971313,0.4678463638,376.9971313,0.4826481938,376.9971313,0.4859002233,376.9971313,0.5047088861,376.9971313,0.498590976,
375.9907227,0.5241687894,375.9907227,0.5286266804,375.9907227,0.5448665619,375.9907227,0.5468229055,375.9907227,0.5676913857,375.9907227,0.5656939149,
374.9841614,0.5973650813,374.9841614,0.6004843712,374.9841614,0.6186548471,374.9841614,0.6224303842,374.9841614,0.6464591026,374.9841614,0.6457521915,
374.0161438,0.6766341925,374.0161438,0.6784858108,374.0161438,0.7020371556,374.0161438,0.7063868046,374.0161438,0.7307988405,374.0161438,0.7298260927,
373.0092468,0.759134233,373.0092468,0.766430378,373.0092468,0.7912392616,373.0092468,0.7948044538,373.0092468,0.820679903,373.0092468,0.8215283751,
372.0022278,0.8592429757,372.0022278,0.8659567833,372.0022278,0.8961941004,372.0022278,0.9019330144,372.0022278,0.928566277,372.0022278,0.9308639765,
370.9950562,0.9600833654,370.9950562,0.9681699872,370.9950562,0.9989879727,370.9950562,1.003069639,370.9950562,1.031119943,370.9950562,1.03305161,
369.9877319,1.072584152,369.9877319,1.081502557,369.9877319,1.119035602,369.9877319,1.125027895,369.9877319,1.162344694,369.9877319,1.163416982,
369.0190125,1.204467297,369.0190125,1.214808583,369.0190125,1.256185055,369.0190125,1.262077332,369.0190125,1.29901123,369.0190125,1.308883071,
368.0113831,1.343781114,368.0113831,1.35384798,368.0113831,1.400549531,368.0113831,1.408486247,368.0113831,1.44607079,368.0113831,1.456482291,
367.0036011,1.501215577,367.0036011,1.51301074,367.0036011,1.562953472,367.0036011,1.576048374,367.0036011,1.617787242,367.0036011,1.632331967,
365.9956665,1.649712443,365.9956665,1.675219417,365.9956665,1.719694257,365.9956665,1.73851037,365.9956665,1.788788319,365.9956665,1.790783286,
364.9876099,1.844014049,364.9876099,1.859321952,364.9876099,1.918684125,364.9876099,1.91594851,364.9876099,1.984225631,364.9876099,1.996386409,
364.018158,2.035718441,364.018158,2.043832064,364.018158,2.115350008,364.018158,2.121730089,364.018158,2.179154634,364.018158,2.181565046,
363.0097656,2.237556934,363.0097656,2.266153097,363.0097656,2.323642492,363.0097656,2.332049847,363.0097656,2.396011591,363.0097656,2.41684556,
362.0012512,2.455912113,362.0012512,2.477784157,362.0012512,2.552411318,362.0012512,2.557465792,362.0012512,2.621588945,362.0012512,2.648914337,
360.9926147,2.629510403,360.9926147,2.637619495,360.9926147,2.719091654,360.9926147,2.703472137,360.9926147,2.773685932,360.9926147,2.82379961,
359.9837952,2.827181578,359.9837952,2.912787199,359.9837952,2.975877523,359.9837952,2.971937895,359.9837952,2.98984766,359.9837952,2.976178885,
359.0136108,3.031780481,359.0136108,3.181360483,359.0136108,3.103836775,359.0136108,3.120577097,359.0136108,3.277895927,359.0136108,3.19070363,
358.0045471,3.415151358,358.0045471,3.408416748,358.0045471,3.29614687,358.0045471,3.310306787,358.0045471,3.231026888,358.0045471,3.341376543,
356.9953003,3.253569603,356.9953003,3.892348528,356.9953003,3.339879274,356.9953003,3.270037174,356.9953003,3.433481693,356.9953003,3.304677725,
355.9859009,3.678069353,355.9859009,3.925172329,355.9859009,4.289751053,355.9859009,3.677582026,355.9859009,3.888809443,355.9859009,3.742577076,
355.0152283,3.843131781,355.0152283,3.515584946,355.0152283,3.585860491,355.0152283,3.448984623,355.0152283,3.539704561,355.0152283,3.497057915,
354.0055542,3.622848511,354.0055542,3.909123182,354.0055542,3.388895035,354.0055542,3.45357132,354.0055542,3.752186775,354.0055542,3.489331484,
352.995697,3.864474773,352.995697,3.86614275,352.995697,3.508037567,352.995697,3.439972401,352.995697,4.04393816,352.995697,3.492233515,
351.9857788,3.834802389,351.9857788,3.558638573,351.9857788,3.713813305,351.9857788,3.498853207,351.9857788,3.626486063,351.9857788,3.463090181,
351.0144958,4.254137516,351.0144958,3.605960131,351.0144958,3.353698492,351.0144958,3.584376097,351.0144958,3.992554665,351.0144958,4.042910576,
350.0042419,3.929923773,350.0042419,3.442215681,350.0042419,3.473402023,350.0042419,4.392035961,350.0042419,10,350.0042419,3.391250849,
348.993866,3.583837271,348.993866,10,348.993866,3.624028206,348.993866,3.640171289,348.993866,3.507689953,348.993866,4.04133749,
347.9833374,4.206864357,347.9833374,10,347.9833374,10,347.9833374,3.61635685,347.9833374,4.087380886,347.9833374,3.637418985,
347.0115356,3.534446478,347.0115356,10,347.0115356,3.849062681,347.0115356,3.473222494,347.0115356,10,347.0115356,3.375909567,
346.0007629,3.952523232,346.0007629,3.865993261,346.0007629,3.662603855,346.0007629,3.492800713,346.0007629,3.441618919,346.0007629,3.388591528,
344.9898071,3.635754108,344.9898071,4.434159279,344.9898071,3.564848661,344.9898071,3.424558878,344.9898071,4.066476345,344.9898071,3.585170269,
344.0175781,4.604247093,344.0175781,10,344.0175781,3.535867453,344.0175781,3.383222818,344.0175781,3.571313858,344.0175781,3.592127562,
343.0063782,3.974482059,343.0063782,3.672376871,343.0063782,3.664186239,343.0063782,3.549081087,343.0063782,3.591318846,343.0063782,3.698839426,
341.9950256,3.845378876,341.9950256,3.895412445,341.9950256,3.495503902,341.9950256,3.77940321,341.9950256,10,341.9950256,3.570491791,
340.9835205,3.808729887,340.9835205,3.623570204,340.9835205,3.954018116,340.9835205,10,340.9835205,3.784488201,340.9835205,3.636315346,
340.0107727,3.743147612,340.0107727,3.783490181,340.0107727,3.368278503,340.0107727,4.253929615,340.0107727,3.769353628,340.0107727,3.444031,
338.9990234,10,338.9990234,4.229362488,338.9990234,3.867336988,338.9990234,3.695654631,338.9990234,3.751067877,338.9990234,4.165495396,
337.9871216,3.716637611,337.9871216,4.019720554,337.9871216,3.361835241,337.9871216,4.006013393,337.9871216,3.487961292,337.9871216,3.644115448,
337.0139771,3.93348217,337.0139771,3.650814056,337.0139771,3.686661243,337.0139771,3.947241783,337.0139771,3.492320538,337.0139771,3.762620449,
336.0018005,3.631051064,336.0018005,4.033512592,336.0018005,3.984745502,336.0018005,3.496232748,336.0018005,3.672148705,336.0018005,3.848934889,
334.9894714,3.592344761,334.9894714,3.743010521,334.9894714,3.684174538,334.9894714,3.941294909,334.9894714,3.975651979,334.9894714,3.963727474,
334.0159607,4.252024651,334.0159607,3.872947216,334.0159607,3.875047922,334.0159607,3.802759171,334.0159607,3.576623678,334.0159607,3.483821869,
333.0033875,3.731914997,333.0033875,10,333.0033875,3.595542669,333.0033875,3.474878311,333.0033875,3.556720495,333.0033875,3.616968155,
331.9906616,3.80457592,331.9906616,10,331.9906616,4.498889923,331.9906616,3.616500378,331.9906616,3.593430042,331.9906616,3.776628733,
331.0167542,4.241054535,331.0167542,3.995542765,331.0167542,3.578413486,331.0167542,3.670955181,331.0167542,3.410077333,331.0167542,3.771085262,
330.0037842,10,330.0037842,4.891593456,330.0037842,3.55534935,330.0037842,3.686428547,330.0037842,3.514641523,330.0037842,3.663219929,
328.9906311,3.742970705,328.9906311,3.722222805,328.9906311,3.713624001,328.9906311,3.463634253,328.9906311,10,328.9906311,4.069091797,
328.0163574,10,328.0163574,3.651060104,328.0163574,3.625991821,328.0163574,10,328.0163574,10,328.0163574,3.614708662,
327.0029602,10,327.0029602,10,327.0029602,10,327.0029602,3.627966404,327.0029602,3.700555801,327.0029602,4.203034878,
325.9894714,10,325.9894714,3.535788536,325.9894714,3.417057276,325.9894714,4.183178902,325.9894714,3.923535585,325.9894714,3.730845928,
325.014801,3.980910063,325.014801,5.139020443,325.014801,3.700596809,325.014801,3.70585227,325.014801,3.840441942,325.014801,3.947414637,
324.0010376,3.96679163,324.0010376,4.063769817,324.0010376,3.626602173,324.0010376,3.87337923,324.0010376,3.599393368,324.0010376,3.451718569,
322.9871216,3.844776154,322.9871216,4.124821186,322.9871216,3.929337025,322.9871216,4.077860832,322.9871216,3.706031799,322.9871216,3.877482891,
322.0121155,4.243950844,322.0121155,10,322.0121155,4.553242207,322.0121155,3.392558813,322.0121155,3.997590303,322.0121155,3.875935793,
320.9979248,3.736562014,320.9979248,3.964037657,320.9979248,3.906571388,320.9979248,3.556690931,320.9979248,3.535951853,320.9979248,10,
319.9836121,10,319.9836121,3.841213465,319.9836121,3.827248573,319.9836121,3.981092691,319.9836121,10,319.9836121,4.662830353,
319.0082092,4.003085613,319.0082092,3.918929577,319.0082092,3.72759676,319.0082092,3.487451315,319.0082092,4.089042187,319.0082092,3.784991026,
317.9936523,3.557963848,317.9936523,4.168162823,317.9936523,3.662881374,317.9936523,4.255856991,317.9936523,4.358232975,317.9936523,4.039651394,
317.0180054,3.759117126,317.0180054,10,317.0180054,3.723798513,317.0180054,3.692176342,317.0180054,3.887746572,317.0180054,3.800181389,
316.0032043,4.351137161,316.0032043,5.218244553,316.0032043,3.606685638,316.0032043,3.808529377,316.0032043,3.780004263,316.0032043,3.854997635,
314.9882507,4.274651051,314.9882507,3.920241833,314.9882507,3.715160608,314.9882507,3.679027081,314.9882507,3.598168373,314.9882507,3.597116947,
314.0122375,3.732515097,314.0122375,3.968696356,314.0122375,3.691012383,314.0122375,3.758265495,314.0122375,10,314.0122375,3.847494364,
312.9970093,3.832380295,312.9970093,3.86917305,312.9970093,3.644213438,312.9970093,3.866572142,312.9970093,3.666802406,312.9970093,4.515889645,
311.98172,3.76437521,311.98172,3.742782116,311.98172,3.642474413,311.98172,4.007777214,311.98172,3.936831951,311.98172,3.701836824,
311.0053406,3.416559696,311.0053406,4.281770229,311.0053406,3.584111452,311.0053406,3.739492655,311.0053406,3.612925768,311.0053406,3.730120897,
309.9897461,3.850143433,309.9897461,3.710349321,309.9897461,3.54920125,309.9897461,3.705429077,309.9897461,3.758808374,309.9897461,3.498372555,
309.0131226,3.800538301,309.0131226,4.069895744,309.0131226,3.664707422,309.0131226,3.833195448,309.0131226,3.886092663,309.0131226,3.697619438,
307.997345,4.136816502,307.997345,3.806069374,307.997345,4.075546741,307.997345,3.480390072,307.997345,3.526025772,307.997345,3.737999201,
306.9813843,4.009767532,306.9813843,3.586898804,306.9813843,3.919390202,306.9813843,4.22399807,306.9813843,3.581254244,306.9813843,3.697591782,
306.004364,3.934471846,306.004364,3.792551756,306.004364,3.589648247,306.004364,3.83177495,306.004364,3.676461935,306.004364,3.516184807,
304.9881897,3.736049652,304.9881897,3.91643405,304.9881897,3.736188173,304.9881897,3.823940516,304.9881897,4.066152096,304.9881897,3.655144215,
304.0110168,3.833546162,304.0110168,3.92812109,304.0110168,3.65934062,304.0110168,3.633556366,304.0110168,3.809488535,304.0110168,3.903586388,
302.9945679,3.778621435,302.9945679,3.588183165,302.9945679,3.901429176,302.9945679,3.617057323,302.9945679,3.653088093,302.9945679,3.602463961,
302.0171204,3.77718544,302.0171204,3.735741138,302.0171204,3.586569548,302.0171204,3.604490042,302.0171204,3.889852047,302.0171204,3.699264765,
301.0004883,4.057029247,301.0004883,10,301.0004883,3.884689093,301.0004883,4.047513485,301.0004883,4.080898285,301.0004883,4.491504192,
299.9836426,10,299.9836426,3.949108601,299.9836426,3.753680229,299.9836426,4.038700581,299.9836426,10,299.9836426,3.8822999,
299.0058594,4.058272362,299.0058594,4.294960499,299.0058594,10,299.0058594,3.97635603,299.0058594,4.003751278,299.0058594,3.904541254,
297.9888306,4.128098488,297.9888306,3.845980883,297.9888306,3.7188344,297.9888306,3.905231953,297.9888306,3.899034977,297.9888306,3.633839369,
297.0107727,3.762310266,297.0107727,3.631536484,297.0107727,3.876430988,297.0107727,3.738448143,297.0107727,3.996381521,297.0107727,3.743458033,
295.9935303,3.973565817,295.9935303,3.946885109,295.9935303,3.61319232,295.9935303,3.862308264,295.9935303,3.862320662,295.9935303,3.720688581,
295.0152588,4.105253696,295.0152588,3.983331203,295.0152588,3.908763885,295.0152588,3.733582735,295.0152588,4.082332134,295.0152588,3.724885225,
293.9977722,4.150710583,293.9977722,4.43031311,293.9977722,4.109830856,293.9977722,3.849578857,293.9977722,4.153467655,293.9977722,3.942834377,
293.0192566,4.846933365,293.0192566,10,293.0192566,3.870014429,293.0192566,10,293.0192566,4.437903404,293.0192566,3.93201375,
292.0015259,4.674256802,292.0015259,4.192133904,292.0015259,4.120645523,292.0015259,4.177176952,292.0015259,3.936647415,292.0015259,4.265960693,
290.9836426,4.246204853,290.9836426,4.228315353,290.9836426,3.881664753,290.9836426,4.366177559,290.9836426,3.920289755,290.9836426,3.88378644,
290.0048523,3.748321295,290.0048523,3.798438549,290.0048523,3.497156382,290.0048523,3.582458496,290.0048523,3.734564543,290.0048523,3.627695799,
288.9867554,3.668143749,288.9867554,4.098626137,288.9867554,3.699428558,288.9867554,3.535636187,288.9867554,3.735949755,288.9867554,3.634391546,
288.0076904,4.065451145,288.0076904,10,288.0076904,3.832249165,288.0076904,3.827611923,288.0076904,10,288.0076904,3.828221798,
286.9893799,4.075624943,286.9893799,3.936115026,286.9893799,3.773006439,286.9893799,4.2313447,286.9893799,4.045994282,286.9893799,3.899970055,
286.0101013,4.039904118,286.0101013,3.915194035,286.0101013,3.874010563,286.0101013,3.708311081,286.0101013,3.673971415,286.0101013,3.96613574,
284.9915771,3.812427759,284.9915771,3.83546257,284.9915771,3.762214184,284.9915771,3.873894453,284.9915771,4.01605463,284.9915771,3.929627895,
284.012085,4.083768845,284.012085,3.901490211,284.012085,3.896317959,284.012085,3.769135952,284.012085,4.084867001,284.012085,3.797471762,
282.9932861,3.930470467,282.9932861,4.72246933,282.9932861,3.701165438,282.9932861,3.844057083,282.9932861,4.282214642,282.9932861,3.80914402,
282.0135803,3.85973978,282.0135803,10,282.0135803,3.817735434,282.0135803,3.730630159,282.0135803,3.958106995,282.0135803,4.028992653,
280.9945679,3.65376687,280.9945679,3.603090525,280.9945679,3.578248501,280.9945679,3.537265062,280.9945679,3.695926428,280.9945679,3.524227142,
280.0146484,3.848220587,280.0146484,3.873892784,280.0146484,3.520730972,280.0146484,3.558511257,280.0146484,3.649499178,280.0146484,3.631212711,
278.9954224,3.786917925,278.9954224,3.806068182,278.9954224,4.009988308,278.9954224,3.760009527,278.9954224,3.534270048,278.9954224,3.609807968,
278.0153198,3.81833744,278.0153198,10,278.0153198,4.633793831,278.0153198,3.911442995,278.0153198,4.503354073,278.0153198,3.763964415,
276.9958496,4.05853796,276.9958496,3.736936331,276.9958496,3.727130413,276.9958496,3.632133484,276.9958496,3.641214848,276.9958496,3.635292768,
276.0154724,3.967324495,276.0154724,3.733647346,276.0154724,3.533198833,276.0154724,3.836615801,276.0154724,3.95063591,276.0154724,3.815994024,
274.9958191,4.132118702,274.9958191,3.761389256,274.9958191,3.56708622,274.9958191,3.647559643,274.9958191,3.673078775,274.9958191,3.515098333,
274.0152588,4.08814764,274.0152588,3.785490513,274.0152588,3.71922946,274.0152588,3.7535882,274.0152588,3.752487898,274.0152588,3.623242617,
272.9953613,4.481636047,272.9953613,3.986588001,272.9953613,4.09916687,272.9953613,10,272.9953613,3.777482033,272.9953613,4.007771969,
272.0145569,4.67855835,272.0145569,4.019460678,272.0145569,4.009511948,272.0145569,3.9666996,272.0145569,3.970811367,272.0145569,3.876100063,
270.9944763,3.599799633,270.9944763,3.637064219,270.9944763,3.723855257,270.9944763,3.75453043,270.9944763,3.557960033,270.9944763,3.690353632,
270.0134888,3.81571579,270.0134888,3.680226088,270.0134888,3.756510019,270.0134888,3.59763813,270.0134888,4.437094212,270.0134888,3.744168997,
268.9931641,3.782875061,268.9931641,3.859810352,268.9931641,3.563926458,268.9931641,3.80294466,268.9931641,3.869971275,268.9931641,3.738496065,
268.0119629,3.909057856,268.0119629,3.918600559,268.0119629,3.642614841,268.0119629,3.743195057,268.0119629,3.693972826,268.0119629,3.719053745,
266.9914551,3.736949205,266.9914551,3.718779564,266.9914551,3.896615505,266.9914551,3.625392914,266.9914551,3.937388182,266.9914551,3.524549007,
266.0100403,3.834575653,266.0100403,3.745133877,266.0100403,3.854758978,266.0100403,3.785449982,266.0100403,3.657436371,266.0100403,3.697870016,
264.9892883,3.710125923,264.9892883,3.915727139,264.9892883,3.99475956,264.9892883,3.815458059,264.9892883,3.792387247,264.9892883,3.539148569,
264.0076599,3.884538651,264.0076599,3.745589733,264.0076599,3.779167175,264.0076599,3.626558542,264.0076599,3.928350925,264.0076599,3.571950674,
262.9866943,10,262.9866943,10,262.9866943,4.057124615,262.9866943,5.137454987,262.9866943,4.835281849,262.9866943,3.984421015,
262.0048828,3.855079651,262.0048828,4.368957996,262.0048828,3.710911751,262.0048828,4.099981308,262.0048828,10,262.0048828,4.136885166,
260.9837341,3.870735407,260.9837341,3.800872564,260.9837341,3.610466242,260.9837341,3.674685478,260.9837341,3.713990688,260.9837341,3.629594803,
260.001709,3.834736586,260.001709,3.773665905,260.001709,3.624482393,260.001709,3.628801346,260.001709,3.634893179,260.001709,3.554371595,
259.0196533,4.034420013,259.0196533,4.061165333,259.0196533,3.94977355,259.0196533,3.722327232,259.0196533,3.718545675,259.0196533,3.918547153,
257.9981384,4.362517357,257.9981384,4.567848682,257.9981384,4.100255013,257.9981384,4.419384003,257.9981384,4.084444046,257.9981384,4.022275448,
257.0158386,3.797471762,257.0158386,3.755964518,257.0158386,3.621444464,257.0158386,3.85815835,257.0158386,3.765340805,257.0158386,3.745131016,
255.9941406,3.921214104,255.9941406,3.840428829,255.9941406,3.686244965,255.9941406,3.771575689,255.9941406,3.837006807,255.9941406,3.804791212,
255.011673,3.616168976,255.011673,3.938141823,255.011673,4.086665154,255.011673,4.006512165,255.011673,3.738348722,255.011673,4.993213654,
253.9897461,10,253.9897461,10,253.9897461,4.218747139,253.9897461,10,253.9897461,10,253.9897461,10,
253.0070496,3.84147954,253.0070496,4.028010368,253.0070496,3.857752085,253.0070496,3.655255079,253.0070496,3.765912294,253.0070496,3.789104462,
251.9849548,3.808462381,251.9849548,4.035570621,251.9849548,3.792490005,251.9849548,3.825982332,251.9849548,3.823566437,251.9849548,3.771409035,
251.0020752,4.384200096,251.0020752,4.417039871,251.0020752,4.36298275,251.0020752,3.830340385,251.0020752,4.444684982,251.0020752,3.907140493,
250.0190887,3.883508444,250.0190887,3.989049673,250.0190887,3.5448246,250.0190887,3.840477705,250.0190887,3.902308464,250.0190887,3.748866081,
248.9966736,3.909598351,248.9966736,4.040779114,248.9966736,3.70413518,248.9966736,3.739219904,248.9966736,3.717668295,248.9966736,3.718812943,
248.0135193,3.772615433,248.0135193,3.734205008,248.0135193,3.653378487,248.0135193,3.562568665,248.0135193,3.701943398,248.0135193,3.598899126,
246.9909363,3.697323322,246.9909363,3.703281403,246.9909363,3.694058418,246.9909363,3.638040543,246.9909363,3.679613113,246.9909363,3.616749525,
246.0075531,3.853948593,246.0075531,3.901417494,246.0075531,3.813712597,246.0075531,3.829666615,246.0075531,3.789150715,246.0075531,3.748782635,
244.9847412,4.088524342,244.9847412,3.946524382,244.9847412,3.722732782,244.9847412,3.780389309,244.9847412,3.767670393,244.9847412,3.911658525,
244.0011902,3.870126486,244.0011902,3.986187458,244.0011902,3.768815517,244.0011902,4.063503742,244.0011902,3.910365582,244.0011902,3.865064144,
243.0175476,3.845772505,243.0175476,3.959866285,243.0175476,3.668476582,243.0175476,3.721166849,243.0175476,3.799013376,243.0175476,3.712269783,
241.9944458,3.942630291,241.9944458,3.721943617,241.9944458,3.663504839,241.9944458,3.748120308,241.9944458,3.793058395,241.9944458,3.774937391,
241.0106201,10,241.0106201,3.889536619,241.0106201,4.197757721,241.0106201,4.055161953,241.0106201,3.94943738,241.0106201,4.002559662,
239.9873657,3.773258209,239.9873657,3.98986721,239.9873657,3.56316185,239.9873657,3.774923086,239.9873657,3.72994113,239.9873657,3.597701788,
239.0033417,3.857779026,239.0033417,3.833802223,239.0033417,3.890198708,239.0033417,3.902542591,239.0033417,3.932570457,239.0033417,4.238434792,
238.0192261,4.051858902,238.0192261,4.072445393,238.0192261,4.079795837,238.0192261,3.969194651,238.0192261,4.220963001,238.0192261,3.953773975,
236.9956665,3.721429586,236.9956665,10,236.9956665,3.598642826,236.9956665,3.720927238,236.9956665,3.928912163,236.9956665,3.931215525,
236.0113678,3.761324406,236.0113678,3.788620949,236.0113678,3.839481592,236.0113678,4.030535221,236.0113678,3.8201437,236.0113678,3.944939375,
234.9876099,3.923506498,234.9876099,3.794239759,234.9876099,4.829137325,234.9876099,3.739994287,234.9876099,3.769205809,234.9876099,3.816134453,
234.0031586,3.848697424,234.0031586,3.913408995,234.0031586,3.861671925,234.0031586,3.759566307,234.0031586,3.853963614,234.0031586,3.867174149,
233.0186005,4.102032661,233.0186005,10,233.0186005,10,233.0186005,3.780096054,233.0186005,3.842013836,233.0186005,4.857852459,
231.9945526,3.684472084,231.9945526,3.998874903,231.9945526,10,231.9945526,3.710866928,231.9945526,3.936435938,231.9945526,4.054471493,
231.0098114,4.332417011,231.0098114,3.988905191,231.0098114,3.55040884,231.0098114,3.70621109,231.0098114,4.019042015,231.0098114,3.5619452,
229.9855957,4.034367085,229.9855957,3.614128351,229.9855957,3.675583839,229.9855957,3.64511919,229.9855957,3.664727211,229.9855957,3.76125288,
229.0006714,4.049800396,229.0006714,3.821424961,229.0006714,4.085940361,229.0006714,3.886851311,229.0006714,3.677078247,229.0006714,3.977818489,
228.0157013,3.68346715,228.0157013,3.611937046,228.0157013,3.546685219,228.0157013,3.524784565,228.0157013,3.545966625,228.0157013,3.567806482,
226.9911957,3.64257431,226.9911957,3.565841675,226.9911957,3.578943729,226.9911957,3.550586462,226.9911957,3.569446802,226.9911957,3.525513887,
226.0059967,3.758716106,226.0059967,3.705551863,226.0059967,3.562844038,226.0059967,3.572401285,226.0059967,3.573110819,226.0059967,3.527869463,
224.9813385,3.629326105,224.9813385,3.583088636,224.9813385,3.546269417,224.9813385,3.513976097,224.9813385,3.522432089,224.9813385,3.600494146,
223.9959869,3.605722427,223.9959869,3.611890316,223.9959869,3.540367365,223.9959869,3.513701916,223.9959869,3.638084412,223.9959869,3.571454525,
223.0105438,3.61474824,223.0105438,3.524242878,223.0105438,3.682382584,223.0105438,3.530889034,223.0105438,3.564547777,223.0105438,3.566583157,
221.9855957,3.649136543,221.9855957,3.684837103,221.9855957,3.553078651,221.9855957,3.552051544,221.9855957,3.625487089,221.9855957,3.563283205,
221,3.616979599,221,3.800237179,221,3.506875515,221,3.610804081,221,3.56968379,221,3.532619476,
220.0142975,3.61361146,220.0142975,4.293478966,220.0142975,3.559276581,220.0142975,3.742471933,220.0142975,3.626881838,220.0142975,3.740796089,
218.9891205,3.85644722,218.9891205,3.723663092,218.9891205,3.818345785,218.9891205,3.702048779,218.9891205,3.812030315,218.9891205,3.714494944,
218.0032501,3.518516302,218.0032501,3.444713354,218.0032501,3.331775427,218.0032501,3.330703735,218.0032501,3.448503017,218.0032501,3.400520563,
217.0173187,3.77747488,217.0173187,4.274366379,217.0173187,3.533901691,217.0173187,3.500953913,217.0173187,3.684665442,217.0173187,3.572597504,
215.9918518,3.497498035,215.9918518,3.421681404,215.9918518,3.458979845,215.9918518,3.375830173,215.9918518,3.616654634,215.9918518,3.492795944,
215.0057373,3.818329573,215.0057373,3.676529646,215.0057373,3.528935671,215.0057373,3.728944063,215.0057373,3.565269709,215.0057373,3.923295498,
214.0195618,3.393422365,214.0195618,3.477237225,214.0195618,3.395736456,214.0195618,3.329756975,214.0195618,3.446278334,214.0195618,3.373188972,
212.9938354,3.802953959,212.9938354,3.582731247,212.9938354,3.59002018,212.9938354,3.77450037,212.9938354,3.853785992,212.9938354,3.798564434,
212.0074921,3.40741539,212.0074921,3.424499989,212.0074921,3.413736343,212.0074921,3.313679934,212.0074921,3.369560719,212.0074921,3.37804985,
210.9815826,3.368246078,210.9815826,3.430127144,210.9815826,3.437408209,210.9815826,3.393354654,210.9815826,3.401171923,210.9815826,3.259616613,
209.9950714,3.407296658,209.9950714,3.421799183,209.9950714,3.356735706,209.9950714,3.469046593,209.9950714,3.356452942,209.9950714,3.446166515,
209.0084534,3.277127028,209.0084534,3.453787327,209.0084534,3.348626375,209.0084534,3.455370903,209.0084534,3.417898178,209.0084534,3.290244102,
207.9823303,3.64916873,207.9823303,3.711854219,207.9823303,3.392056465,207.9823303,3.575252533,207.9823303,4.306453228,207.9823303,3.61232686,
206.995575,3.488959551,206.995575,3.677358627,206.995575,3.59644556,206.995575,3.474887371,206.995575,4.105509281,206.995575,3.558593273,
206.0087585,3.410997391,206.0087585,3.335527897,206.0087585,3.36860919,206.0087585,3.32588625,206.0087585,3.519281387,206.0087585,3.311145544,
204.9823456,3.361153364,204.9823456,3.558172941,204.9823456,3.273546696,204.9823456,3.321726561,204.9823456,3.437524319,204.9823456,3.354534864,
203.9953613,3.345998764,203.9953613,3.364105463,203.9953613,3.463015079,203.9953613,3.340625525,203.9953613,3.400877476,203.9953613,3.356950045,
203.0082855,3.342051268,203.0082855,3.54759264,203.0082855,3.286966085,203.0082855,3.375450611,203.0082855,3.369372129,203.0082855,3.284156084,
201.9816742,3.358983517,201.9816742,3.272814274,201.9816742,3.296120405,201.9816742,3.351789236,201.9816742,3.382656097,201.9816742,3.234076023,
200.9944458,3.188645124,200.9944458,3.281030893,200.9944458,3.385886192,200.9944458,3.321873665,200.9944458,3.493780851,200.9944458,3.327568531,
200.0071564,3.448451042,200.0071564,3.483760118,200.0071564,3.190588713,200.0071564,3.281689644,200.0071564,3.459420443,200.0071564,3.413130522,

LN46_0.75_1_0.5mL_s_0.5mL_Ti_0h,
LN46_0.75_1_0.5mL_s_0.5mL_Ti_0h
Collection Time: 2/1/2024 9:57:11 AM
Operator Name  :
Scan Version 5.0.0.999
Parameter List :
Instrument  Cary 60
Instrument Version  2.00
Start (nm)  800.0
Stop (nm)  200.0
X Mode  Nanometers
Y Mode  Abs
UV-Vis Scan Rate (nm/min)  600.00
UV-Vis Data Interval (nm)  1.00
UV-Vis Ave. Time (sec)  0.1000
Beam Mode  Dual Beam
Baseline Correction  On
Baseline Type  Baseline correction
Baseline File Name
Baseline Std Ref File Name
Cycle Mode  Off
Method Log     :
Method Name    :
Date/Time stamp: 2/1/2024 9:15:53 AM
Method Modifications:
UVVIS SAT Changed: 2/1/2024 9:53:59 AM, Old:0.0125, New:0.1000
Common SAT Changed: 2/1/2024 9:53:59 AM, Old:0.0125, New:0.1000
Common Interval nm Changed: 2/1/2024 9:54:01 AM, Old:     5.00, New:     1.00
Baseline Correction Changed: 2/1/2024 9:54:01 AM, Old:0, New:1
End Method Modifications
<Current Wavelength> , 207.0

LN46_0.75_1_0.5mL_s_0.5mL_Ti_0h_r,
LN46_0.75_1_0.5mL_s_0.5mL_Ti_0h_r
Collection Time: 2/1/2024 9:58:16 AM
Operator Name  :
Scan Version 5.0.0.999
Parameter List :
Instrument  Cary 60
Instrument Version  2.00
Start (nm)  800.0
Stop (nm)  200.0
X Mode  Nanometers
Y Mode  Abs
UV-Vis Scan Rate (nm/min)  600.00
UV-Vis Data Interval (nm)  1.00
UV-Vis Ave. Time (sec)  0.1000
Beam Mode  Dual Beam
Baseline Correction  On
Baseline Type  Baseline correction
Baseline File Name
Baseline Std Ref File Name
Cycle Mode  Off
Method Log     :
Method Name    :
Date/Time stamp: 2/1/2024 9:15:53 AM
Method Modifications:
UVVIS SAT Changed: 2/1/2024 9:53:59 AM, Old:0.0125, New:0.1000
Common SAT Changed: 2/1/2024 9:53:59 AM, Old:0.0125, New:0.1000
Common Interval nm Changed: 2/1/2024 9:54:01 AM, Old:     5.00, New:     1.00
Baseline Correction Changed: 2/1/2024 9:54:01 AM, Old:0, New:1
End Method Modifications
<Current Wavelength> , 207.0

LN46_0.75_2_0.5mL_s_0.5mL_Ti_0h,
LN46_0.75_2_0.5mL_s_0.5mL_Ti_0h
Collection Time: 2/1/2024 9:59:57 AM
Operator Name  :
Scan Version 5.0.0.999
Parameter List :
Instrument  Cary 60
Instrument Version  2.00
Start (nm)  800.0
Stop (nm)  200.0
X Mode  Nanometers
Y Mode  Abs
UV-Vis Scan Rate (nm/min)  600.00
UV-Vis Data Interval (nm)  1.00
UV-Vis Ave. Time (sec)  0.1000
Beam Mode  Dual Beam
Baseline Correction  On
Baseline Type  Baseline correction
Baseline File Name
Baseline Std Ref File Name
Cycle Mode  Off
Method Log     :
Method Name    :
Date/Time stamp: 2/1/2024 9:15:53 AM
Method Modifications:
UVVIS SAT Changed: 2/1/2024 9:53:59 AM, Old:0.0125, New:0.1000
Common SAT Changed: 2/1/2024 9:53:59 AM, Old:0.0125, New:0.1000
Common Interval nm Changed: 2/1/2024 9:54:01 AM, Old:     5.00, New:     1.00
Baseline Correction Changed: 2/1/2024 9:54:01 AM, Old:0, New:1
End Method Modifications
<Current Wavelength> , 210.0

LN46_0.75_2_0.5mL_s_0.5mL_Ti_0h_r,
LN46_0.75_2_0.5mL_s_0.5mL_Ti_0h_r
Collection Time: 2/1/2024 10:01:03 AM
Operator Name  :
Scan Version 5.0.0.999
Parameter List :
Instrument  Cary 60
Instrument Version  2.00
Start (nm)  800.0
Stop (nm)  200.0
X Mode  Nanometers
Y Mode  Abs
UV-Vis Scan Rate (nm/min)  600.00
UV-Vis Data Interval (nm)  1.00
UV-Vis Ave. Time (sec)  0.1000
Beam Mode  Dual Beam
Baseline Correction  On
Baseline Type  Baseline correction
Baseline File Name
Baseline Std Ref File Name
Cycle Mode  Off
Method Log     :
Method Name    :
Date/Time stamp: 2/1/2024 9:15:53 AM
Method Modifications:
UVVIS SAT Changed: 2/1/2024 9:53:59 AM, Old:0.0125, New:0.1000
Common SAT Changed: 2/1/2024 9:53:59 AM, Old:0.0125, New:0.1000
Common Interval nm Changed: 2/1/2024 9:54:01 AM, Old:     5.00, New:     1.00
Baseline Correction Changed: 2/1/2024 9:54:01 AM, Old:0, New:1
End Method Modifications
<Current Wavelength> , 204.0

LN46_0.75_3_0.5mL_s_0.5mL_Ti_0h,
LN46_0.75_3_0.5mL_s_0.5mL_Ti_0h
Collection Time: 2/1/2024 10:03:31 AM
Operator Name  :
Scan Version 5.0.0.999
Parameter List :
Instrument  Cary 60
Instrument Version  2.00
Start (nm)  800.0
Stop (nm)  200.0
X Mode  Nanometers
Y Mode  Abs
UV-Vis Scan Rate (nm/min)  600.00
UV-Vis Data Interval (nm)  1.00
UV-Vis Ave. Time (sec)  0.1000
Beam Mode  Dual Beam
Baseline Correction  On
Baseline Type  Baseline correction
Baseline File Name
Baseline Std Ref File Name
Cycle Mode  Off
Method Log     :
Method Name    :
Date/Time stamp: 2/1/2024 9:15:53 AM
Method Modifications:
UVVIS SAT Changed: 2/1/2024 9:53:59 AM, Old:0.0125, New:0.1000
Common SAT Changed: 2/1/2024 9:53:59 AM, Old:0.0125, New:0.1000
Common Interval nm Changed: 2/1/2024 9:54:01 AM, Old:     5.00, New:     1.00
Baseline Correction Changed: 2/1/2024 9:54:01 AM, Old:0, New:1
End Method Modifications
<Current Wavelength> , 209.0

LN46_0.75_4_0.5mL_s_0.5mL_Ti_0h,
LN46_0.75_4_0.5mL_s_0.5mL_Ti_0h
Collection Time: 2/1/2024 10:06:16 AM
Operator Name  :
Scan Version 5.0.0.999
Parameter List :
Instrument  Cary 60
Instrument Version  2.00
Start (nm)  800.0
Stop (nm)  200.0
X Mode  Nanometers
Y Mode  Abs
UV-Vis Scan Rate (nm/min)  600.00
UV-Vis Data Interval (nm)  1.00
UV-Vis Ave. Time (sec)  0.1000
Beam Mode  Dual Beam
Baseline Correction  On
Baseline Type  Baseline correction
Baseline File Name
Baseline Std Ref File Name
Cycle Mode  Off
Method Log     :
Method Name    :
Date/Time stamp: 2/1/2024 9:15:53 AM
Method Modifications:
UVVIS SAT Changed: 2/1/2024 9:53:59 AM, Old:0.0125, New:0.1000
Common SAT Changed: 2/1/2024 9:53:59 AM, Old:0.0125, New:0.1000
Common Interval nm Changed: 2/1/2024 9:54:01 AM, Old:     5.00, New:     1.00
Baseline Correction Changed: 2/1/2024 9:54:01 AM, Old:0, New:1
End Method Modifications
<Current Wavelength> , 206.0

